"company_symbol","company_name_th","company_name_en","sector","industry","last_price","high_52w","low_52w","market_cap","pe_ratio","pb_ratio","dividend_yield"
"ADVANC","บริษัท แอดวานซ์ อินโฟร์ เซอร์วิส จำกัด (มหาชน)","ADVANCED INFO SERVICE PUBLIC COMPANY LIMITED","ICT","TECH","358.0","410.0","267.0","1070715504960","21.08","8.89","9.53"
"AOT","บริษัท ท่าอากาศยานไทย จำกัด (มหาชน)","AIRPORTS OF THAILAND PUBLIC COMPANY LIMITED","TRANS","SERVICE","60.0","60.0","26.75","842856300000","46.57","6.5","1.37"
"AWC","บริษัท แอสเสท เวิรด์ คอร์ป จำกัด (มหาชน)","ASSET WORLD CORP PUBLIC COMPANY LIMITED","PROP","PROPCON","2.64","2.8","1.55","82628484552","12.9","0.84","3.1"
"BANPU","บริษัท บ้านปู จำกัด (มหาชน)","BANPU PUBLIC COMPANY LIMITED","ENERG","RESOURC","5.35","6.5","4.0","53601129605.5",,"0.45","5.61"
"BBL","ธนาคารกรุงเทพ จำกัด (มหาชน)","BANGKOK BANK PUBLIC COMPANY LIMITED","BANK","FINCIAL","175.5","181.0","135.0","329275399215","7.42","0.57","5.8"
"BDMS","บริษัท กรุงเทพดุสิตเวชการ จำกัด(มหาชน)","BANGKOK DUSIT MEDICAL SERVICES PUBLIC COMPANY LIMITED","HELTH","SERVICE","18.3","22.9","17.4","289234434489","18.59","2.62","5.49"
"BEM","บริษัท ทางด่วนและรถไฟฟ้ากรุงเทพ จำกัด (มหาชน)","BANGKOK EXPRESSWAY AND METRO  PUBLIC COMPANY LIMITED","TRANS","SERVICE","5.8","6.3","4.56","87124500000","22.56","2.25","2.63"
"BH","บริษัท โรงพยาบาลบำรุงราษฎร์ จำกัด (มหาชน)","BUMRUNGRAD HOSPITAL PUBLIC COMPANY LIMITED","HELTH","SERVICE","184.5","214.0","130.0","147068819520","19.45","4.51","5.95"
"BJC","บริษัท เบอร์ลี่ ยุคเกอร์ จำกัด (มหาชน)","BERLI JUCKER PUBLIC COMPANY LIMITED","COMM","SERVICE","14.4","21.1","12.8","56910713125.8","14.31","0.47","3.59"
"BTS","บริษัท บีทีเอส กรุ๊ป โฮลดิ้งส์ จำกัด (มหาชน)","BTS GROUP HOLDINGS PUBLIC COMPANY LIMITED","TRANS","SERVICE","2.08","4.32","1.98","33153235457.2",,"0.57",
"CBG","บริษัท คาราบาวกรุ๊ป จำกัด (มหาชน)","CARABAO GROUP PUBLIC COMPANY LIMITED","FOOD","AGRO","40.25","62.0","32.75","40750000000","18.78","2.76","3.19"
"CCET","บริษัท แคล-คอมพ์ อีเล็คโทรนิคส์ (ประเทศไทย) จำกัด (มหาชน)","CAL-COMP ELECTRONICS (THAILAND) PUBLIC CO., LTD.","ETRON","TECH","9.1","11.2","4.14","102932527885.35","53.06","3.88","1.62"
"CENTEL","บริษัท โรงแรมเซ็นทรัลพลาซา จำกัด (มหาชน)","CENTRAL PLAZA HOTEL PUBLIC COMPANY LIMITED","TOURISM","SERVICE","36.0","40.5","21.1","48600000000","14.35","1.95","1.86"
"COM7","บริษัท คอมเซเว่น จำกัด (มหาชน)","COM7 PUBLIC COMPANY LIMITED","COMM","SERVICE","27.25","28.0","16.7","63870941963.75","14.64","5.22","4.11"
"CPALL","บริษัท ซีพี ออลล์ จำกัด (มหาชน)","CP ALL PUBLIC COMPANY LIMITED","COMM","SERVICE","46.25","54.5","40.5","410976886671","13.71","2.75","3.61"
"CPF","บริษัท เจริญโภคภัณฑ์อาหาร จำกัด (มหาชน)","CHAROEN POKPHAND FOODS PUBLIC COMPANY LIMITED","FOOD","AGRO","19.1","25.75","18.1","158891592856.5","7.16","0.63","6.67"
"CPN","บริษัท เซ็นทรัลพัฒนา จำกัด (มหาชน)","CENTRAL PATTANA PUBLIC COMPANY LIMITED","PROP","PROPCON","65.5","70.5","41.0","293964000000","15.01","2.56","3.66"
"CRC","บริษัท เซ็นทรัล รีเทล คอร์ปอเรชั่น จำกัด (มหาชน)","CENTRAL RETAIL CORPORATION PUBLIC COMPANY LIMITED","COMM","SERVICE","22.0","25.25","15.8","129666500000","16.49","1.86","8.42"
"DELTA","บริษัทเดลต้า อีเลคโทรนิคส์ (ประเทศไทย) จำกัด (มหาชน)","DELTA ELECTRONICS (THAILAND) PUBLIC COMPANY LIMITED","ETRON","TECH","352.0","372.0","92.0","4503047626540","158.52","42.28","0.17"
"EGCO","บริษัท ผลิตไฟฟ้า จำกัด (มหาชน)","ELECTRICITY GENERATING PUBLIC COMPANY LIMITED","ENERG","RESOURC","118.5","143.0","99.25","62122870000","30.67","0.61","5.51"
"GPSC","บริษัท โกลบอล เพาเวอร์ ซินเนอร์ยี่ จำกัด (มหาชน)","GLOBAL POWER SYNERGY PUBLIC COMPANY LIMITED","ENERG","RESOURC","42.25","45.0","26.5","117723701072.25","16.87","1.11","3.47"
"GULF","บริษัท กัลฟ์ ดีเวลลอปเมนท์ จำกัด (มหาชน)","GULF DEVELOPMENT PUBLIC COMPANY LIMITED","ENERG","RESOURC","64.25","68.5","37.75","971089449395","10.9","2.8","5.0"
"HMPRO","บริษัท โฮม โปรดักส์ เซ็นเตอร์ จำกัด (มหาชน)","HOME PRODUCT CENTER PUBLIC COMPANY LIMITED","COMM","SERVICE","6.0","8.0","5.7","78907188150","13.57","2.82","6.36"
"IVL","บริษัท อินโดรามา เวนเจอร์ส จำกัด (มหาชน)","INDORAMA VENTURES PUBLIC COMPANY LIMITED","PETRO","INDUS","22.0","26.25","14.6","122397231594.4",,"0.99","3.21"
"KBANK","ธนาคารกสิกรไทย จำกัด (มหาชน)","KASIKORNBANK PUBLIC COMPANY LIMITED","BANK","FINCIAL","206.0","208.0","147.0","478604173786","9.42","0.81","6.94"
"KKP","ธนาคารเกียรตินาคินภัทร จำกัด (มหาชน)","KIATNAKIN PHATRA BANK PUBLIC COMPANY LIMITED","BANK","FINCIAL","92.5","92.0","43.5","77186529886.25","10.88","1.08","6.28"
"KTB","ธนาคารกรุงไทย จำกัด (มหาชน)","KRUNG THAI BANK PUBLIC COMPANY LIMITED","BANK","FINCIAL","36.0","36.0","21.0","499644189687.5","10.21","1.06","7.47"
"KTC","บริษัท บัตรกรุงไทย จำกัด (มหาชน)","KRUNGTHAI CARD PUBLIC COMPANY LIMITED","FIN","FINCIAL","30.75","37.5","21.8","77994605617.5","9.64","1.68","5.85"
"LH","บริษัทแลนด์แอนด์เฮ้าส์ จำกัด (มหาชน)","LAND AND HOUSES PUBLIC COMPANY LIMITED","PROP","PROPCON","3.62","4.5","3.18","43496955960.64","12.17","0.83","6.87"
"MINT","บริษัท ไมเนอร์ อินเตอร์เนชั่นแนล จำกัด (มหาชน)","MINOR INTERNATIONAL PUBLIC COMPANY LIMITED","TOURISM","SERVICE","24.2","27.0","19.6","137213442843.4","14.73","1.5","2.91"
"MTC","บริษัท เมืองไทย แคปปิตอล จำกัด (มหาชน)","MUANGTHAI CAPITAL PUBLIC COMPANY LIMITED","FIN","FINCIAL","29.5","44.0","26.75","62010000000","8.89","1.38","0.99"
"OR","บริษัท ปตท. น้ำมันและการค้าปลีก จำกัด (มหาชน)","PTT OIL AND RETAIL BUSINESS PUBLIC COMPANY LIMITED","ENERG","RESOURC","12.3","15.6","10.1","146400000000","15.68","1.26","4.92"
"OSP","บริษัท โอสถสภา จำกัด (มหาชน)","OSOTSPA PUBLIC COMPANY LIMITED","FOOD","AGRO","15.6","19.5","13.6","46257750000","13.0","2.78","5.19"
"PTT","บริษัท ปตท. จำกัด (มหาชน)","PTT PUBLIC COMPANY LIMITED","ENERG","RESOURC","35.25","38.0","29.75","999704868750","10.71","0.84","6.57"
"PTTEP","บริษัท ปตท.สำรวจและผลิตปิโตรเลียม จำกัด (มหาชน)","PTT EXPLORATION AND PRODUCTION PUBLIC COMPANY LIMITED","ENERG","RESOURC","135.5","164.0","104.0","537933021700","9.68","1.01","6.46"
"PTTGC","บริษัท พีทีที โกลบอล เคมิคอล จำกัด (มหาชน)","PTT GLOBAL CHEMICAL PUBLIC COMPANY LIMITED","PETRO","INDUS","32.5","41.25","18.2","144283171744",,"0.49","1.56"
"RATCH","บริษัท ราช กรุ๊ป จำกัด (มหาชน)","RATCH GROUP PUBLIC COMPANY LIMITED","ENERG","RESOURC","30.75","32.5","24.0","66881249538.75","10.74","0.67","5.2"
"SAWAD","บริษัท ศรีสวัสดิ์ คอร์ปอเรชั่น จำกัด (มหาชน)","SRISAWAD CORPORATION PUBLIC COMPANY LIMITED","FIN","FINCIAL","21.8","32.0","14.8","36054700359.3","6.85","0.93","3.23"
"SCB","บริษัท เอสซีบี เอกซ์ จำกัด (มหาชน)","SCB X PUBLIC COMPANY LIMITED","BANK","FINCIAL","142.5","149.5","115.0","471395020040","10.43","0.94","8.06"
"SCC","บริษัท ปูนซิเมนต์ไทย จำกัด (มหาชน)","THE SIAM CEMENT PUBLIC COMPANY LIMITED","CONMAT","PROPCON","244.0","243.0","152.5","289200000000","15.06","0.82","2.07"
"SCGP","บริษัท เอสซีจี แพคเกจจิ้ง จำกัด (มหาชน)","SCG PACKAGING PUBLIC COMPANY LIMITED","PKG","INDUS","25.25","26.25","14.9","107323005000","22.66","1.41","2.4"
"TCAP","บริษัท ทุนธนชาต จำกัด (มหาชน)","THANACHART CAPITAL PUBLIC COMPANY LIMITED","BANK","FINCIAL","62.25","63.0","44.25","63964917627","7.84","0.77","5.74"
"TIDLOR","บริษัท ติดล้อ โฮลดิ้งส์ จำกัด (มหาชน)","TIDLOR HOLDINGS PUBLIC COMPANY LIMITED","FIN","FINCIAL","18.0","22.5","13.4","52126732260","7.94","1.45","1.89"
"TISCO","บริษัท ทิสโก้ไฟแนนเชียลกรุ๊ป จำกัด (มหาชน)","TISCO FINANCIAL GROUP PUBLIC COMPANY LIMITED","BANK","FINCIAL","116.0","116.5","96.25","92074246760","13.64","2.04","6.74"
"TLI","บริษัท ไทยประกันชีวิต จำกัด (มหาชน)","THAI LIFE INSURANCE PUBLIC COMPANY LIMITED","INSUR","FINCIAL","11.2","12.2","9.0","127095000000","10.2","1.0","5.41"
"TOP","บริษัท ไทยออยล์ จำกัด (มหาชน)","THAI OIL PUBLIC COMPANY LIMITED","ENERG","RESOURC","43.75","56.75","26.0","98288764904","3.22","0.51","4.09"
"TRUE","บริษัท ทรู คอร์ปอเรชั่น จำกัด (มหาชน)","TRUE CORPORATION PUBLIC COMPANY LIMITED","ICT","TECH","13.9","15.0","10.1","480274201133.9","33.83","5.82","2.23"
"TTB","ธนาคารทหารไทยธนชาต จำกัด (มหาชน)","TMBTHANACHART BANK PUBLIC COMPANY LIMITED","BANK","FINCIAL","2.4","2.4","1.8","230268363294.44","9.97","0.85","6.05"
"TU","บริษัท ไทยยูเนี่ยน กรุ๊ป จำกัด (มหาชน)","THAI UNION GROUP PUBLIC COMPANY LIMITED","FOOD","AGRO","11.3","14.1","8.6","48508512734.4","9.34","0.95","6.14"
"WHA","บริษัท ดับบลิวเอชเอ คอร์ปอเรชั่น จำกัด (มหาชน)","WHA CORPORATION PUBLIC COMPANY LIMITED","PROP","PROPCON","5.1","5.2","2.8","74435236701.42","16.3","1.94","4.23"
