"company_symbol","company_name_th","company_name_en","relationship","stakeholder_rank","stakeholder_name","shares","percent_share","is_thai_nvdr","book_close_date","source_url"
"ADVANC","บริษัท แอดวานซ์ อินโฟร์ เซอร์วิส จำกัด (มหาชน)","ADVANCED INFO SERVICE PUBLIC COMPANY LIMITED","major_shareholder","1","บริษัท  กัลฟ์ ดีเวลลอปเมนท์ จำกัด (มหาชน)","1202712000","40.44","False","2026-03-02","https://www.set.or.th/th/market/product/stock/quote/ADVANC/major-shareholders"
"ADVANC","บริษัท แอดวานซ์ อินโฟร์ เซอร์วิส จำกัด (มหาชน)","ADVANCED INFO SERVICE PUBLIC COMPANY LIMITED","major_shareholder","2","SINGTEL STRATEGIC INVESTMENTS PTE LTD.","568000000","19.1","False","2026-03-02","https://www.set.or.th/th/market/product/stock/quote/ADVANC/major-shareholders"
"ADVANC","บริษัท แอดวานซ์ อินโฟร์ เซอร์วิส จำกัด (มหาชน)","ADVANCED INFO SERVICE PUBLIC COMPANY LIMITED","major_shareholder","3","บริษัท  ไทยเอ็นวีดีอาร์ จำกัด","226881375","7.63","True","2026-03-02","https://www.set.or.th/th/market/product/stock/quote/ADVANC/major-shareholders"
"ADVANC","บริษัท แอดวานซ์ อินโฟร์ เซอร์วิส จำกัด (มหาชน)","ADVANCED INFO SERVICE PUBLIC COMPANY LIMITED","major_shareholder","4","RAFFLE NOMINEES (PTE) LTD S/A SINGTEL STRATEGIC INVESTMENTS PTE LTD.","168492744","5.67","False","2026-03-02","https://www.set.or.th/th/market/product/stock/quote/ADVANC/major-shareholders"
"ADVANC","บริษัท แอดวานซ์ อินโฟร์ เซอร์วิส จำกัด (มหาชน)","ADVANCED INFO SERVICE PUBLIC COMPANY LIMITED","major_shareholder","5","กองทุนรวม  วายุภักษ์หนึ่ง","88383700","2.97","False","2026-03-02","https://www.set.or.th/th/market/product/stock/quote/ADVANC/major-shareholders"
"AOT","บริษัท ท่าอากาศยานไทย จำกัด (มหาชน)","AIRPORTS OF THAILAND PUBLIC COMPANY LIMITED","major_shareholder","1","กระทรวงการคลัง","10000000000","70.0","False","2025-12-12","https://www.set.or.th/th/market/product/stock/quote/AOT/major-shareholders"
"AOT","บริษัท ท่าอากาศยานไทย จำกัด (มหาชน)","AIRPORTS OF THAILAND PUBLIC COMPANY LIMITED","major_shareholder","2","บริษัท  ไทยเอ็นวีดีอาร์ จำกัด","468872380","3.28","True","2025-12-12","https://www.set.or.th/th/market/product/stock/quote/AOT/major-shareholders"
"AOT","บริษัท ท่าอากาศยานไทย จำกัด (มหาชน)","AIRPORTS OF THAILAND PUBLIC COMPANY LIMITED","major_shareholder","3","กองทุนรวม  วายุภักษ์หนึ่ง","345959000","2.42","False","2025-12-12","https://www.set.or.th/th/market/product/stock/quote/AOT/major-shareholders"
"AOT","บริษัท ท่าอากาศยานไทย จำกัด (มหาชน)","AIRPORTS OF THAILAND PUBLIC COMPANY LIMITED","major_shareholder","4","สำนักงานประกันสังคม","195775520","1.37","False","2025-12-12","https://www.set.or.th/th/market/product/stock/quote/AOT/major-shareholders"
"AOT","บริษัท ท่าอากาศยานไทย จำกัด (มหาชน)","AIRPORTS OF THAILAND PUBLIC COMPANY LIMITED","major_shareholder","5","SOUTH EAST ASIA UK (TYPE C) NOMINEES LIMITED","171637725","1.2","False","2025-12-12","https://www.set.or.th/th/market/product/stock/quote/AOT/major-shareholders"
"AWC","บริษัท แอสเสท เวิรด์ คอร์ป จำกัด (มหาชน)","ASSET WORLD CORP PUBLIC COMPANY LIMITED","major_shareholder","1","บริษัท  ทีซีซี บริหารธุรกิจ จำกัด","14400000000","44.96","False","2026-05-08","https://www.set.or.th/th/market/product/stock/quote/AWC/major-shareholders"
"AWC","บริษัท แอสเสท เวิรด์ คอร์ป จำกัด (มหาชน)","ASSET WORLD CORP PUBLIC COMPANY LIMITED","major_shareholder","2","บริษัท  ทีซีซี รีเทล จำกัด","9600000000","29.98","False","2026-05-08","https://www.set.or.th/th/market/product/stock/quote/AWC/major-shareholders"
"AWC","บริษัท แอสเสท เวิรด์ คอร์ป จำกัด (มหาชน)","ASSET WORLD CORP PUBLIC COMPANY LIMITED","major_shareholder","3","NOMURA SINGAPORE LIMITED-CUSTOMER SEGREGATED ACCOUNT","1430000000","4.47","False","2026-05-08","https://www.set.or.th/th/market/product/stock/quote/AWC/major-shareholders"
"AWC","บริษัท แอสเสท เวิรด์ คอร์ป จำกัด (มหาชน)","ASSET WORLD CORP PUBLIC COMPANY LIMITED","major_shareholder","4","UBS AG SINGAPORE BRANCH - FOR CLIENTS' ACCOUNTS","691391201","2.16","False","2026-05-08","https://www.set.or.th/th/market/product/stock/quote/AWC/major-shareholders"
"AWC","บริษัท แอสเสท เวิรด์ คอร์ป จำกัด (มหาชน)","ASSET WORLD CORP PUBLIC COMPANY LIMITED","major_shareholder","5","กองทุนรวม  วายุภักษ์หนึ่ง","612369400","1.91","False","2026-05-08","https://www.set.or.th/th/market/product/stock/quote/AWC/major-shareholders"
"BANPU","บริษัท บ้านปู จำกัด (มหาชน)","BANPU PUBLIC COMPANY LIMITED","major_shareholder","1","บริษัท  น้ำตาลมิตรผล จำกัด","827908786","8.26","False","2026-06-05","https://www.set.or.th/th/market/product/stock/quote/BANPU/major-shareholders"
"BANPU","บริษัท บ้านปู จำกัด (มหาชน)","BANPU PUBLIC COMPANY LIMITED","major_shareholder","2","บริษัท  ไทยเอ็นวีดีอาร์ จำกัด","799858493","7.98","True","2026-06-05","https://www.set.or.th/th/market/product/stock/quote/BANPU/major-shareholders"
"BANPU","บริษัท บ้านปู จำกัด (มหาชน)","BANPU PUBLIC COMPANY LIMITED","major_shareholder","3","SOUTH EAST ASIA UK (TYPE C) NOMINEES LIMITED","293437069","2.93","False","2026-06-05","https://www.set.or.th/th/market/product/stock/quote/BANPU/major-shareholders"
"BANPU","บริษัท บ้านปู จำกัด (มหาชน)","BANPU PUBLIC COMPANY LIMITED","major_shareholder","4","นาย ประทีป ตั้งมติธรรม","198423798","1.98","False","2026-06-05","https://www.set.or.th/th/market/product/stock/quote/BANPU/major-shareholders"
"BANPU","บริษัท บ้านปู จำกัด (มหาชน)","BANPU PUBLIC COMPANY LIMITED","major_shareholder","5","บริษัท  ทุนมิตรสยาม จำกัด","172906811","1.73","False","2026-06-05","https://www.set.or.th/th/market/product/stock/quote/BANPU/major-shareholders"
"BBL","ธนาคารกรุงเทพ จำกัด (มหาชน)","BANGKOK BANK PUBLIC COMPANY LIMITED","major_shareholder","1","บริษัท  ไทยเอ็นวีดีอาร์ จำกัด","446289133","23.38","True","2026-04-23","https://www.set.or.th/th/market/product/stock/quote/BBL/major-shareholders"
"BBL","ธนาคารกรุงเทพ จำกัด (มหาชน)","BANGKOK BANK PUBLIC COMPANY LIMITED","major_shareholder","2","บริษัท  ซิตี้เรียลตี้ จำกัด","89645900","4.7","False","2026-04-23","https://www.set.or.th/th/market/product/stock/quote/BBL/major-shareholders"
"BBL","ธนาคารกรุงเทพ จำกัด (มหาชน)","BANGKOK BANK PUBLIC COMPANY LIMITED","major_shareholder","3","สำนักงานประกันสังคม","76353394","4.0","False","2026-04-23","https://www.set.or.th/th/market/product/stock/quote/BBL/major-shareholders"
"BBL","ธนาคารกรุงเทพ จำกัด (มหาชน)","BANGKOK BANK PUBLIC COMPANY LIMITED","major_shareholder","4","STATE STREET EUROPE LIMITED","52133499","2.73","False","2026-04-23","https://www.set.or.th/th/market/product/stock/quote/BBL/major-shareholders"
"BBL","ธนาคารกรุงเทพ จำกัด (มหาชน)","BANGKOK BANK PUBLIC COMPANY LIMITED","major_shareholder","5","STATE STREET BANK AND TRUST COMPANY","47874374","2.51","False","2026-04-23","https://www.set.or.th/th/market/product/stock/quote/BBL/major-shareholders"
"BDMS","บริษัท กรุงเทพดุสิตเวชการ จำกัด(มหาชน)","BANGKOK DUSIT MEDICAL SERVICES PUBLIC COMPANY LIMITED","major_shareholder","1","บริษัท  ไทยเอ็นวีดีอาร์ จำกัด","1540861735","9.7","True","2026-03-11","https://www.set.or.th/th/market/product/stock/quote/BDMS/major-shareholders"
"BDMS","บริษัท กรุงเทพดุสิตเวชการ จำกัด(มหาชน)","BANGKOK DUSIT MEDICAL SERVICES PUBLIC COMPANY LIMITED","major_shareholder","2","นาย ปราเสริฐ ปราสาททองโอสถ","1458941440","9.18","False","2026-03-11","https://www.set.or.th/th/market/product/stock/quote/BDMS/major-shareholders"
"BDMS","บริษัท กรุงเทพดุสิตเวชการ จำกัด(มหาชน)","BANGKOK DUSIT MEDICAL SERVICES PUBLIC COMPANY LIMITED","major_shareholder","3","น.ส. ปรมาภรณ์ ปราสาททองโอสถ","939537410","5.91","False","2026-03-11","https://www.set.or.th/th/market/product/stock/quote/BDMS/major-shareholders"
"BDMS","บริษัท กรุงเทพดุสิตเวชการ จำกัด(มหาชน)","BANGKOK DUSIT MEDICAL SERVICES PUBLIC COMPANY LIMITED","major_shareholder","4","บริษัท  วิริยะประกันภัย จำกัด (มหาชน)","678201330","4.27","False","2026-03-11","https://www.set.or.th/th/market/product/stock/quote/BDMS/major-shareholders"
"BDMS","บริษัท กรุงเทพดุสิตเวชการ จำกัด(มหาชน)","BANGKOK DUSIT MEDICAL SERVICES PUBLIC COMPANY LIMITED","major_shareholder","5","SOUTH EAST ASIA UK (TYPE C) NOMINEES LIMITED","601019734","3.78","False","2026-03-11","https://www.set.or.th/th/market/product/stock/quote/BDMS/major-shareholders"
"BEM","บริษัท ทางด่วนและรถไฟฟ้ากรุงเทพ จำกัด (มหาชน)","BANGKOK EXPRESSWAY AND METRO  PUBLIC COMPANY LIMITED","major_shareholder","1","บริษัท  ช.การช่าง จำกัด (มหาชน)","6459449984","42.26","False","2026-03-11","https://www.set.or.th/th/market/product/stock/quote/BEM/major-shareholders"
"BEM","บริษัท ทางด่วนและรถไฟฟ้ากรุงเทพ จำกัด (มหาชน)","BANGKOK EXPRESSWAY AND METRO  PUBLIC COMPANY LIMITED","major_shareholder","2","การรถไฟฟ้าขนส่งมวลชนแห่งประเทศไทย","1256259584","8.22","False","2026-03-11","https://www.set.or.th/th/market/product/stock/quote/BEM/major-shareholders"
"BEM","บริษัท ทางด่วนและรถไฟฟ้ากรุงเทพ จำกัด (มหาชน)","BANGKOK EXPRESSWAY AND METRO  PUBLIC COMPANY LIMITED","major_shareholder","3","ธนาคาร  กรุงไทย จำกัด (มหาชน)","815356075","5.33","False","2026-03-11","https://www.set.or.th/th/market/product/stock/quote/BEM/major-shareholders"
"BEM","บริษัท ทางด่วนและรถไฟฟ้ากรุงเทพ จำกัด (มหาชน)","BANGKOK EXPRESSWAY AND METRO  PUBLIC COMPANY LIMITED","major_shareholder","4","บริษัท  ไทยเอ็นวีดีอาร์ จำกัด","483077555","3.16","True","2026-03-11","https://www.set.or.th/th/market/product/stock/quote/BEM/major-shareholders"
"BEM","บริษัท ทางด่วนและรถไฟฟ้ากรุงเทพ จำกัด (มหาชน)","BANGKOK EXPRESSWAY AND METRO  PUBLIC COMPANY LIMITED","major_shareholder","5","สำนักงานประกันสังคม","465669067","3.05","False","2026-03-11","https://www.set.or.th/th/market/product/stock/quote/BEM/major-shareholders"
"BH","บริษัท โรงพยาบาลบำรุงราษฎร์ จำกัด (มหาชน)","BUMRUNGRAD HOSPITAL PUBLIC COMPANY LIMITED","major_shareholder","1","บริษัท  ไทยเอ็นวีดีอาร์ จำกัด","84492505","10.63","True","2026-03-18","https://www.set.or.th/th/market/product/stock/quote/BH/major-shareholders"
"BH","บริษัท โรงพยาบาลบำรุงราษฎร์ จำกัด (มหาชน)","BUMRUNGRAD HOSPITAL PUBLIC COMPANY LIMITED","major_shareholder","2","บริษัท  กรุงเทพประกันภัย จำกัด (มหาชน)","79149817","9.96","False","2026-03-18","https://www.set.or.th/th/market/product/stock/quote/BH/major-shareholders"
"BH","บริษัท โรงพยาบาลบำรุงราษฎร์ จำกัด (มหาชน)","BUMRUNGRAD HOSPITAL PUBLIC COMPANY LIMITED","major_shareholder","3","UOB KAY HIAN (HONG KONG) LIMITED - Client Account","61886905","7.78","False","2026-03-18","https://www.set.or.th/th/market/product/stock/quote/BH/major-shareholders"
"BH","บริษัท โรงพยาบาลบำรุงราษฎร์ จำกัด (มหาชน)","BUMRUNGRAD HOSPITAL PUBLIC COMPANY LIMITED","major_shareholder","4","ธนาคาร  กรุงเทพ จำกัด (มหาชน)","53243344","6.7","False","2026-03-18","https://www.set.or.th/th/market/product/stock/quote/BH/major-shareholders"
"BH","บริษัท โรงพยาบาลบำรุงราษฎร์ จำกัด (มหาชน)","BUMRUNGRAD HOSPITAL PUBLIC COMPANY LIMITED","major_shareholder","5","SOUTH EAST ASIA UK (TYPE C) NOMINEES LIMITED","28291113","3.56","False","2026-03-18","https://www.set.or.th/th/market/product/stock/quote/BH/major-shareholders"
"BJC","บริษัท เบอร์ลี่ ยุคเกอร์ จำกัด (มหาชน)","BERLI JUCKER PUBLIC COMPANY LIMITED","major_shareholder","1","บริษัท  ทีซีซี คอร์ปอเรชั่น จำกัด","1830730550","45.68","False","2026-04-30","https://www.set.or.th/th/market/product/stock/quote/BJC/major-shareholders"
"BJC","บริษัท เบอร์ลี่ ยุคเกอร์ จำกัด (มหาชน)","BERLI JUCKER PUBLIC COMPANY LIMITED","major_shareholder","2","บริษัท  ทีซีซี โฮลดิ้งส์ (2519) จำกัด","1175089800","29.32","False","2026-04-30","https://www.set.or.th/th/market/product/stock/quote/BJC/major-shareholders"
"BJC","บริษัท เบอร์ลี่ ยุคเกอร์ จำกัด (มหาชน)","BERLI JUCKER PUBLIC COMPANY LIMITED","major_shareholder","3","สำนักงานประกันสังคม","164191200","4.1","False","2026-04-30","https://www.set.or.th/th/market/product/stock/quote/BJC/major-shareholders"
"BJC","บริษัท เบอร์ลี่ ยุคเกอร์ จำกัด (มหาชน)","BERLI JUCKER PUBLIC COMPANY LIMITED","major_shareholder","4","RAFFLES NOMINEES (PTE) LIMITED","157094900","3.92","False","2026-04-30","https://www.set.or.th/th/market/product/stock/quote/BJC/major-shareholders"
"BJC","บริษัท เบอร์ลี่ ยุคเกอร์ จำกัด (มหาชน)","BERLI JUCKER PUBLIC COMPANY LIMITED","major_shareholder","5","THE BANK OF NEW YORK (NOMINEES) LIMITED","103375800","2.58","False","2026-04-30","https://www.set.or.th/th/market/product/stock/quote/BJC/major-shareholders"
"BTS","บริษัท บีทีเอส กรุ๊ป โฮลดิ้งส์ จำกัด (มหาชน)","BTS GROUP HOLDINGS PUBLIC COMPANY LIMITED","major_shareholder","1","นาย คีรี กาญจนพาสน์","5107061418","31.73","False","2025-06-19","https://www.set.or.th/th/market/product/stock/quote/BTS/major-shareholders"
"BTS","บริษัท บีทีเอส กรุ๊ป โฮลดิ้งส์ จำกัด (มหาชน)","BTS GROUP HOLDINGS PUBLIC COMPANY LIMITED","major_shareholder","2","นาย กวิน กาญจนพาสน์","1797135829","11.17","False","2025-06-19","https://www.set.or.th/th/market/product/stock/quote/BTS/major-shareholders"
"BTS","บริษัท บีทีเอส กรุ๊ป โฮลดิ้งส์ จำกัด (มหาชน)","BTS GROUP HOLDINGS PUBLIC COMPANY LIMITED","major_shareholder","3","บริษัท  ไทยเอ็นวีดีอาร์ จำกัด","885248667","5.5","True","2025-06-19","https://www.set.or.th/th/market/product/stock/quote/BTS/major-shareholders"
"BTS","บริษัท บีทีเอส กรุ๊ป โฮลดิ้งส์ จำกัด (มหาชน)","BTS GROUP HOLDINGS PUBLIC COMPANY LIMITED","major_shareholder","4","ธนาคาร  กรุงเทพ จำกัด (มหาชน)","721528129","4.48","False","2025-06-19","https://www.set.or.th/th/market/product/stock/quote/BTS/major-shareholders"
"BTS","บริษัท บีทีเอส กรุ๊ป โฮลดิ้งส์ จำกัด (มหาชน)","BTS GROUP HOLDINGS PUBLIC COMPANY LIMITED","major_shareholder","5","CITIBANK NOMINEES SINGAPORE PTE LTD-A/C GIC C","513958000","3.19","False","2025-06-19","https://www.set.or.th/th/market/product/stock/quote/BTS/major-shareholders"
"CBG","บริษัท คาราบาวกรุ๊ป จำกัด (มหาชน)","CARABAO GROUP PUBLIC COMPANY LIMITED","major_shareholder","1","บริษัท  เสถียรธรรมโฮลดิ้ง จำกัด","250064500","25.01","False","2026-03-06","https://www.set.or.th/th/market/product/stock/quote/CBG/major-shareholders"
"CBG","บริษัท คาราบาวกรุ๊ป จำกัด (มหาชน)","CARABAO GROUP PUBLIC COMPANY LIMITED","major_shareholder","2","น.ส. ณัฐชไม ถนอมบูรณ์เจริญ","210000000","21.0","False","2026-03-06","https://www.set.or.th/th/market/product/stock/quote/CBG/major-shareholders"
"CBG","บริษัท คาราบาวกรุ๊ป จำกัด (มหาชน)","CARABAO GROUP PUBLIC COMPANY LIMITED","major_shareholder","3","นาย ยืนยง โอภากุล","70480000","7.05","False","2026-03-06","https://www.set.or.th/th/market/product/stock/quote/CBG/major-shareholders"
"CBG","บริษัท คาราบาวกรุ๊ป จำกัด (มหาชน)","CARABAO GROUP PUBLIC COMPANY LIMITED","major_shareholder","4","UBS AG SINGAPORE BRANCH - FOR CLIENTS' ACCOUNTS","45854499","4.59","False","2026-03-06","https://www.set.or.th/th/market/product/stock/quote/CBG/major-shareholders"
"CBG","บริษัท คาราบาวกรุ๊ป จำกัด (มหาชน)","CARABAO GROUP PUBLIC COMPANY LIMITED","major_shareholder","5","บริษัท  ไทยเอ็นวีดีอาร์ จำกัด","31555871","3.16","True","2026-03-06","https://www.set.or.th/th/market/product/stock/quote/CBG/major-shareholders"
"CCET","บริษัท แคล-คอมพ์ อีเล็คโทรนิคส์ (ประเทศไทย) จำกัด (มหาชน)","CAL-COMP ELECTRONICS (THAILAND) PUBLIC CO., LTD.","major_shareholder","1","KINPO ELECTRONICS. INC.","5223956415","49.99","False","2026-03-20","https://www.set.or.th/th/market/product/stock/quote/CCET/major-shareholders"
"CCET","บริษัท แคล-คอมพ์ อีเล็คโทรนิคส์ (ประเทศไทย) จำกัด (มหาชน)","CAL-COMP ELECTRONICS (THAILAND) PUBLIC CO., LTD.","major_shareholder","2","FAR EASTERN INTERNATIONAL BANK","1655366936","15.84","False","2026-03-20","https://www.set.or.th/th/market/product/stock/quote/CCET/major-shareholders"
"CCET","บริษัท แคล-คอมพ์ อีเล็คโทรนิคส์ (ประเทศไทย) จำกัด (มหาชน)","CAL-COMP ELECTRONICS (THAILAND) PUBLIC CO., LTD.","major_shareholder","3","KGI ASIA LIMITED","1577667766","15.1","False","2026-03-20","https://www.set.or.th/th/market/product/stock/quote/CCET/major-shareholders"
"CCET","บริษัท แคล-คอมพ์ อีเล็คโทรนิคส์ (ประเทศไทย) จำกัด (มหาชน)","CAL-COMP ELECTRONICS (THAILAND) PUBLIC CO., LTD.","major_shareholder","4","นาย วิทิต พงศ์พิโรดม","244250200","2.34","False","2026-03-20","https://www.set.or.th/th/market/product/stock/quote/CCET/major-shareholders"
"CCET","บริษัท แคล-คอมพ์ อีเล็คโทรนิคส์ (ประเทศไทย) จำกัด (มหาชน)","CAL-COMP ELECTRONICS (THAILAND) PUBLIC CO., LTD.","major_shareholder","5","บริษัท  ไทยเอ็นวีดีอาร์ จำกัด","169441810","1.62","True","2026-03-20","https://www.set.or.th/th/market/product/stock/quote/CCET/major-shareholders"
"CENTEL","บริษัท โรงแรมเซ็นทรัลพลาซา จำกัด (มหาชน)","CENTRAL PLAZA HOTEL PUBLIC COMPANY LIMITED","major_shareholder","1","บริษัท  เตียง จิราธิวัฒน์ จำกัด","67523190","5.0","False","2026-05-07","https://www.set.or.th/th/market/product/stock/quote/CENTEL/major-shareholders"
"CENTEL","บริษัท โรงแรมเซ็นทรัลพลาซา จำกัด (มหาชน)","CENTRAL PLAZA HOTEL PUBLIC COMPANY LIMITED","major_shareholder","2","UBS AG SINGAPORE BRANCH - FOR CLIENTS' ACCOUNTS","51225613","3.79","False","2026-05-07","https://www.set.or.th/th/market/product/stock/quote/CENTEL/major-shareholders"
"CENTEL","บริษัท โรงแรมเซ็นทรัลพลาซา จำกัด (มหาชน)","CENTRAL PLAZA HOTEL PUBLIC COMPANY LIMITED","major_shareholder","3","นาย นิติ โอสถานุเคราะห์","41314611","3.06","False","2026-05-07","https://www.set.or.th/th/market/product/stock/quote/CENTEL/major-shareholders"
"CENTEL","บริษัท โรงแรมเซ็นทรัลพลาซา จำกัด (มหาชน)","CENTRAL PLAZA HOTEL PUBLIC COMPANY LIMITED","major_shareholder","4","บริษัท  ไทยเอ็นวีดีอาร์ จำกัด","34637578","2.57","True","2026-05-07","https://www.set.or.th/th/market/product/stock/quote/CENTEL/major-shareholders"
"CENTEL","บริษัท โรงแรมเซ็นทรัลพลาซา จำกัด (มหาชน)","CENTRAL PLAZA HOTEL PUBLIC COMPANY LIMITED","major_shareholder","5","นาย สุทธิเกียรติ จิราธิวัฒน์","31170141","2.31","False","2026-05-07","https://www.set.or.th/th/market/product/stock/quote/CENTEL/major-shareholders"
"COM7","บริษัท คอมเซเว่น จำกัด (มหาชน)","COM7 PUBLIC COMPANY LIMITED","major_shareholder","1","นาย สุระ คณิตทวีกุล","601310600","25.18","False","2026-03-11","https://www.set.or.th/th/market/product/stock/quote/COM7/major-shareholders"
"COM7","บริษัท คอมเซเว่น จำกัด (มหาชน)","COM7 PUBLIC COMPANY LIMITED","major_shareholder","2","นาย พงศ์ศักดิ์ ธรรมธัชอารี","476267000","19.95","False","2026-03-11","https://www.set.or.th/th/market/product/stock/quote/COM7/major-shareholders"
"COM7","บริษัท คอมเซเว่น จำกัด (มหาชน)","COM7 PUBLIC COMPANY LIMITED","major_shareholder","3","บริษัท  ไทยเอ็นวีดีอาร์ จำกัด","219675829","9.2","True","2026-03-11","https://www.set.or.th/th/market/product/stock/quote/COM7/major-shareholders"
"COM7","บริษัท คอมเซเว่น จำกัด (มหาชน)","COM7 PUBLIC COMPANY LIMITED","major_shareholder","4","THE BANK OF NEW YORK MELLON","103980300","4.35","False","2026-03-11","https://www.set.or.th/th/market/product/stock/quote/COM7/major-shareholders"
"COM7","บริษัท คอมเซเว่น จำกัด (มหาชน)","COM7 PUBLIC COMPANY LIMITED","major_shareholder","5","น.ส. อารี ปรีชานุกูล","71200000","2.98","False","2026-03-11","https://www.set.or.th/th/market/product/stock/quote/COM7/major-shareholders"
"CPALL","บริษัท ซีพี ออลล์ จำกัด (มหาชน)","CP ALL PUBLIC COMPANY LIMITED","major_shareholder","1","บริษัท  ซี.พี.เมอร์แชนไดซิ่ง จำกัด","2732242300","30.42","False","2026-05-05","https://www.set.or.th/th/market/product/stock/quote/CPALL/major-shareholders"
"CPALL","บริษัท ซีพี ออลล์ จำกัด (มหาชน)","CP ALL PUBLIC COMPANY LIMITED","major_shareholder","2","บริษัท  ไทยเอ็นวีดีอาร์ จำกัด","868945745","9.67","True","2026-05-05","https://www.set.or.th/th/market/product/stock/quote/CPALL/major-shareholders"
"CPALL","บริษัท ซีพี ออลล์ จำกัด (มหาชน)","CP ALL PUBLIC COMPANY LIMITED","major_shareholder","3","SOUTH EAST ASIA UK (TYPE C) NOMINEES LIMITED","322463415","3.59","False","2026-05-05","https://www.set.or.th/th/market/product/stock/quote/CPALL/major-shareholders"
"CPALL","บริษัท ซีพี ออลล์ จำกัด (มหาชน)","CP ALL PUBLIC COMPANY LIMITED","major_shareholder","4","สำนักงานประกันสังคม","308040067","3.43","False","2026-05-05","https://www.set.or.th/th/market/product/stock/quote/CPALL/major-shareholders"
"CPALL","บริษัท ซีพี ออลล์ จำกัด (มหาชน)","CP ALL PUBLIC COMPANY LIMITED","major_shareholder","5","กองทุนรวม  วายุภักษ์หนึ่ง","288362600","3.21","False","2026-05-05","https://www.set.or.th/th/market/product/stock/quote/CPALL/major-shareholders"
"CPF","บริษัท เจริญโภคภัณฑ์อาหาร จำกัด (มหาชน)","CHAROEN POKPHAND FOODS PUBLIC COMPANY LIMITED","major_shareholder","1","บริษัท  เครือเจริญโภคภัณฑ์ จำกัด","2105464925","25.04","False","2026-05-06","https://www.set.or.th/th/market/product/stock/quote/CPF/major-shareholders"
"CPF","บริษัท เจริญโภคภัณฑ์อาหาร จำกัด (มหาชน)","CHAROEN POKPHAND FOODS PUBLIC COMPANY LIMITED","major_shareholder","2","บริษัท  ไทยเอ็นวีดีอาร์ จำกัด","867792045","10.32","True","2026-05-06","https://www.set.or.th/th/market/product/stock/quote/CPF/major-shareholders"
"CPF","บริษัท เจริญโภคภัณฑ์อาหาร จำกัด (มหาชน)","CHAROEN POKPHAND FOODS PUBLIC COMPANY LIMITED","major_shareholder","3","UBS AG LONDON BRANCH","772298991","9.19","False","2026-05-06","https://www.set.or.th/th/market/product/stock/quote/CPF/major-shareholders"
"CPF","บริษัท เจริญโภคภัณฑ์อาหาร จำกัด (มหาชน)","CHAROEN POKPHAND FOODS PUBLIC COMPANY LIMITED","major_shareholder","4","บริษัท  เจริญโภคภัณฑ์โฮลดิ้ง จำกัด","743660460","8.85","False","2026-05-06","https://www.set.or.th/th/market/product/stock/quote/CPF/major-shareholders"
"CPF","บริษัท เจริญโภคภัณฑ์อาหาร จำกัด (มหาชน)","CHAROEN POKPHAND FOODS PUBLIC COMPANY LIMITED","major_shareholder","5","บริษัท  เจริญโภคภัณฑ์อาหาร จำกัด (มหาชน)","247584500","2.94","False","2026-05-06","https://www.set.or.th/th/market/product/stock/quote/CPF/major-shareholders"
"CPN","บริษัท เซ็นทรัลพัฒนา จำกัด (มหาชน)","CENTRAL PATTANA PUBLIC COMPANY LIMITED","major_shareholder","1","บริษัท  เซ็นทรัลโฮลดิ้ง จำกัด","1176343960","26.21","False","2026-03-10","https://www.set.or.th/th/market/product/stock/quote/CPN/major-shareholders"
"CPN","บริษัท เซ็นทรัลพัฒนา จำกัด (มหาชน)","CENTRAL PATTANA PUBLIC COMPANY LIMITED","major_shareholder","2","บริษัท  ไทยเอ็นวีดีอาร์ จำกัด","308440483","6.87","True","2026-03-10","https://www.set.or.th/th/market/product/stock/quote/CPN/major-shareholders"
"CPN","บริษัท เซ็นทรัลพัฒนา จำกัด (มหาชน)","CENTRAL PATTANA PUBLIC COMPANY LIMITED","major_shareholder","3","กองทุนรวม  วายุภักษ์หนึ่ง","156838600","3.49","False","2026-03-10","https://www.set.or.th/th/market/product/stock/quote/CPN/major-shareholders"
"CPN","บริษัท เซ็นทรัลพัฒนา จำกัด (มหาชน)","CENTRAL PATTANA PUBLIC COMPANY LIMITED","major_shareholder","4","สำนักงานประกันสังคม","149387729","3.33","False","2026-03-10","https://www.set.or.th/th/market/product/stock/quote/CPN/major-shareholders"
"CPN","บริษัท เซ็นทรัลพัฒนา จำกัด (มหาชน)","CENTRAL PATTANA PUBLIC COMPANY LIMITED","major_shareholder","5","นาย นิติ โอสถานุเคราะห์","107320000","2.39","False","2026-03-10","https://www.set.or.th/th/market/product/stock/quote/CPN/major-shareholders"
"CRC","บริษัท เซ็นทรัล รีเทล คอร์ปอเรชั่น จำกัด (มหาชน)","CENTRAL RETAIL CORPORATION PUBLIC COMPANY LIMITED","major_shareholder","1","บริษัท  ห้างเซ็นทรัล ดีพาทเมนท์สโตร์ จำกัด","2114284890","35.06","False","2026-04-22","https://www.set.or.th/th/market/product/stock/quote/CRC/major-shareholders"
"CRC","บริษัท เซ็นทรัล รีเทล คอร์ปอเรชั่น จำกัด (มหาชน)","CENTRAL RETAIL CORPORATION PUBLIC COMPANY LIMITED","major_shareholder","2","Deutsche Bank AG Singapore PWM","277963444","4.61","False","2026-04-22","https://www.set.or.th/th/market/product/stock/quote/CRC/major-shareholders"
"CRC","บริษัท เซ็นทรัล รีเทล คอร์ปอเรชั่น จำกัด (มหาชน)","CENTRAL RETAIL CORPORATION PUBLIC COMPANY LIMITED","major_shareholder","3","สำนักงานประกันสังคม","198024966","3.28","False","2026-04-22","https://www.set.or.th/th/market/product/stock/quote/CRC/major-shareholders"
"CRC","บริษัท เซ็นทรัล รีเทล คอร์ปอเรชั่น จำกัด (มหาชน)","CENTRAL RETAIL CORPORATION PUBLIC COMPANY LIMITED","major_shareholder","4","กองทุนรวม  วายุภักษ์หนึ่ง","167165900","2.77","False","2026-04-22","https://www.set.or.th/th/market/product/stock/quote/CRC/major-shareholders"
"CRC","บริษัท เซ็นทรัล รีเทล คอร์ปอเรชั่น จำกัด (มหาชน)","CENTRAL RETAIL CORPORATION PUBLIC COMPANY LIMITED","major_shareholder","5","บริษัท  ไทยเอ็นวีดีอาร์ จำกัด","105063858","1.74","True","2026-04-22","https://www.set.or.th/th/market/product/stock/quote/CRC/major-shareholders"
"DELTA","บริษัทเดลต้า อีเลคโทรนิคส์ (ประเทศไทย) จำกัด (มหาชน)","DELTA ELECTRONICS (THAILAND) PUBLIC COMPANY LIMITED","major_shareholder","1","DELTA ELECTRONICS INT'L (SINGAPORE) PTE. LTD.","5344793060","42.85","False","2026-02-27","https://www.set.or.th/th/market/product/stock/quote/DELTA/major-shareholders"
"DELTA","บริษัทเดลต้า อีเลคโทรนิคส์ (ประเทศไทย) จำกัด (มหาชน)","DELTA ELECTRONICS (THAILAND) PUBLIC COMPANY LIMITED","major_shareholder","2","CITI (NOMINEES) LIMITED-CBHK-PBGSG-RESTRICTED SHARES","1728454200","13.86","False","2026-02-27","https://www.set.or.th/th/market/product/stock/quote/DELTA/major-shareholders"
"DELTA","บริษัทเดลต้า อีเลคโทรนิคส์ (ประเทศไทย) จำกัด (มหาชน)","DELTA ELECTRONICS (THAILAND) PUBLIC COMPANY LIMITED","major_shareholder","3","DELTA INTERNATIONAL HOLDING LIMITED B.V.","1585260021","12.71","False","2026-02-27","https://www.set.or.th/th/market/product/stock/quote/DELTA/major-shareholders"
"DELTA","บริษัทเดลต้า อีเลคโทรนิคส์ (ประเทศไทย) จำกัด (มหาชน)","DELTA ELECTRONICS (THAILAND) PUBLIC COMPANY LIMITED","major_shareholder","4","DELTA ELECTRONICS INC.","691281400","5.54","False","2026-02-27","https://www.set.or.th/th/market/product/stock/quote/DELTA/major-shareholders"
"DELTA","บริษัทเดลต้า อีเลคโทรนิคส์ (ประเทศไทย) จำกัด (มหาชน)","DELTA ELECTRONICS (THAILAND) PUBLIC COMPANY LIMITED","major_shareholder","5","UBS AG HONG KONG BRANCH - FOR CLIENTS' ACCOUNTS","546350000","4.38","False","2026-02-27","https://www.set.or.th/th/market/product/stock/quote/DELTA/major-shareholders"
"EGCO","บริษัท ผลิตไฟฟ้า จำกัด (มหาชน)","ELECTRICITY GENERATING PUBLIC COMPANY LIMITED","major_shareholder","1","การไฟฟ้าฝ่ายผลิตแห่งประเทศไทย","133773662","25.41","False","2026-03-16","https://www.set.or.th/th/market/product/stock/quote/EGCO/major-shareholders"
"EGCO","บริษัท ผลิตไฟฟ้า จำกัด (มหาชน)","ELECTRICITY GENERATING PUBLIC COMPANY LIMITED","major_shareholder","2","TEPDIA Generating B.V.","118023606","22.42","False","2026-03-16","https://www.set.or.th/th/market/product/stock/quote/EGCO/major-shareholders"
"EGCO","บริษัท ผลิตไฟฟ้า จำกัด (มหาชน)","ELECTRICITY GENERATING PUBLIC COMPANY LIMITED","major_shareholder","3","สหกรณ์ ออมทรัพย์การไฟฟ้าฝ่ายผลิตแห่งประเทศไทย จำกัด","33334500","6.33","False","2026-03-16","https://www.set.or.th/th/market/product/stock/quote/EGCO/major-shareholders"
"EGCO","บริษัท ผลิตไฟฟ้า จำกัด (มหาชน)","ELECTRICITY GENERATING PUBLIC COMPANY LIMITED","major_shareholder","4","บริษัท  ไทยเอ็นวีดีอาร์ จำกัด","26752144","5.08","True","2026-03-16","https://www.set.or.th/th/market/product/stock/quote/EGCO/major-shareholders"
"EGCO","บริษัท ผลิตไฟฟ้า จำกัด (มหาชน)","ELECTRICITY GENERATING PUBLIC COMPANY LIMITED","major_shareholder","5","สำนักงานประกันสังคม","24128600","4.58","False","2026-03-16","https://www.set.or.th/th/market/product/stock/quote/EGCO/major-shareholders"
"GPSC","บริษัท โกลบอล เพาเวอร์ ซินเนอร์ยี่ จำกัด (มหาชน)","GLOBAL POWER SYNERGY PUBLIC COMPANY LIMITED","major_shareholder","1","บริษัท  ปตท. จำกัด (มหาชน)","1332955135","47.27","False","2026-02-26","https://www.set.or.th/th/market/product/stock/quote/GPSC/major-shareholders"
"GPSC","บริษัท โกลบอล เพาเวอร์ ซินเนอร์ยี่ จำกัด (มหาชน)","GLOBAL POWER SYNERGY PUBLIC COMPANY LIMITED","major_shareholder","2","บริษัท  พีทีที โกลบอล เคมิคอล จำกัด (มหาชน)","281972937","10.0","False","2026-02-26","https://www.set.or.th/th/market/product/stock/quote/GPSC/major-shareholders"
"GPSC","บริษัท โกลบอล เพาเวอร์ ซินเนอร์ยี่ จำกัด (มหาชน)","GLOBAL POWER SYNERGY PUBLIC COMPANY LIMITED","major_shareholder","3","บริษัท  ไทยออยล์ จำกัด (มหาชน)","281972937","10.0","False","2026-02-26","https://www.set.or.th/th/market/product/stock/quote/GPSC/major-shareholders"
"GPSC","บริษัท โกลบอล เพาเวอร์ ซินเนอร์ยี่ จำกัด (มหาชน)","GLOBAL POWER SYNERGY PUBLIC COMPANY LIMITED","major_shareholder","4","บริษัท  สยาม แมนเนจเม้นท์ โฮลดิ้ง จำกัด","224431735","7.96","False","2026-02-26","https://www.set.or.th/th/market/product/stock/quote/GPSC/major-shareholders"
"GPSC","บริษัท โกลบอล เพาเวอร์ ซินเนอร์ยี่ จำกัด (มหาชน)","GLOBAL POWER SYNERGY PUBLIC COMPANY LIMITED","major_shareholder","5","กองทุนรวม  วายุภักษ์หนึ่ง","81523800","2.89","False","2026-02-26","https://www.set.or.th/th/market/product/stock/quote/GPSC/major-shareholders"
"GULF","บริษัท กัลฟ์ ดีเวลลอปเมนท์ จำกัด (มหาชน)","GULF DEVELOPMENT PUBLIC COMPANY LIMITED","major_shareholder","1","นาย สารัชถ์ รัตนาวะดี","4374904693","29.28","False","2026-03-04","https://www.set.or.th/th/market/product/stock/quote/GULF/major-shareholders"
"GULF","บริษัท กัลฟ์ ดีเวลลอปเมนท์ จำกัด (มหาชน)","GULF DEVELOPMENT PUBLIC COMPANY LIMITED","major_shareholder","2","UBS AG SINGAPORE BRANCH - FOR CLIENTS' ACCOUNTS","1511839012","10.12","False","2026-03-04","https://www.set.or.th/th/market/product/stock/quote/GULF/major-shareholders"
"GULF","บริษัท กัลฟ์ ดีเวลลอปเมนท์ จำกัด (มหาชน)","GULF DEVELOPMENT PUBLIC COMPANY LIMITED","major_shareholder","3","GULF CAPITAL HOLDINGS LIMITED","1194942592","8.0","False","2026-03-04","https://www.set.or.th/th/market/product/stock/quote/GULF/major-shareholders"
"GULF","บริษัท กัลฟ์ ดีเวลลอปเมนท์ จำกัด (มหาชน)","GULF DEVELOPMENT PUBLIC COMPANY LIMITED","major_shareholder","4","SINGTEL GLOBAL INVESTMENT PTE. LTD.","1155441235","7.73","False","2026-03-04","https://www.set.or.th/th/market/product/stock/quote/GULF/major-shareholders"
"GULF","บริษัท กัลฟ์ ดีเวลลอปเมนท์ จำกัด (มหาชน)","GULF DEVELOPMENT PUBLIC COMPANY LIMITED","major_shareholder","5","บริษัท  ไทยเอ็นวีดีอาร์ จำกัด","641207905","4.29","True","2026-03-04","https://www.set.or.th/th/market/product/stock/quote/GULF/major-shareholders"
"HMPRO","บริษัท โฮม โปรดักส์ เซ็นเตอร์ จำกัด (มหาชน)","HOME PRODUCT CENTER PUBLIC COMPANY LIMITED","major_shareholder","1","บริษัท  แลนด์ แอนด์ เฮ้าส์ จำกัด (มหาชน)","3975878432","30.23","False","2026-04-23","https://www.set.or.th/th/market/product/stock/quote/HMPRO/major-shareholders"
"HMPRO","บริษัท โฮม โปรดักส์ เซ็นเตอร์ จำกัด (มหาชน)","HOME PRODUCT CENTER PUBLIC COMPANY LIMITED","major_shareholder","2","บริษัท  ควอลิตี้เฮ้าส์ จำกัด (มหาชน)","2613023098","19.87","False","2026-04-23","https://www.set.or.th/th/market/product/stock/quote/HMPRO/major-shareholders"
"HMPRO","บริษัท โฮม โปรดักส์ เซ็นเตอร์ จำกัด (มหาชน)","HOME PRODUCT CENTER PUBLIC COMPANY LIMITED","major_shareholder","3","นาย นิติ โอสถานุเคราะห์","693564862","5.27","False","2026-04-23","https://www.set.or.th/th/market/product/stock/quote/HMPRO/major-shareholders"
"HMPRO","บริษัท โฮม โปรดักส์ เซ็นเตอร์ จำกัด (มหาชน)","HOME PRODUCT CENTER PUBLIC COMPANY LIMITED","major_shareholder","4","สำนักงานประกันสังคม","629548472","4.79","False","2026-04-23","https://www.set.or.th/th/market/product/stock/quote/HMPRO/major-shareholders"
"HMPRO","บริษัท โฮม โปรดักส์ เซ็นเตอร์ จำกัด (มหาชน)","HOME PRODUCT CENTER PUBLIC COMPANY LIMITED","major_shareholder","5","บริษัท  ไทยเอ็นวีดีอาร์ จำกัด","491505750","3.74","True","2026-04-23","https://www.set.or.th/th/market/product/stock/quote/HMPRO/major-shareholders"
"IVL","บริษัท อินโดรามา เวนเจอร์ส จำกัด (มหาชน)","INDORAMA VENTURES PUBLIC COMPANY LIMITED","major_shareholder","1","บริษัท  อินโดรามา รีซอสเซส จำกัด","3688403618","65.69","False","2026-05-29","https://www.set.or.th/th/market/product/stock/quote/IVL/major-shareholders"
"IVL","บริษัท อินโดรามา เวนเจอร์ส จำกัด (มหาชน)","INDORAMA VENTURES PUBLIC COMPANY LIMITED","major_shareholder","2","บริษัท  ไทยเอ็นวีดีอาร์ จำกัด","328292662","5.85","True","2026-05-29","https://www.set.or.th/th/market/product/stock/quote/IVL/major-shareholders"
"IVL","บริษัท อินโดรามา เวนเจอร์ส จำกัด (มหาชน)","INDORAMA VENTURES PUBLIC COMPANY LIMITED","major_shareholder","3","ธนาคาร  กรุงเทพ จำกัด (มหาชน)","270905264","4.83","False","2026-05-29","https://www.set.or.th/th/market/product/stock/quote/IVL/major-shareholders"
"IVL","บริษัท อินโดรามา เวนเจอร์ส จำกัด (มหาชน)","INDORAMA VENTURES PUBLIC COMPANY LIMITED","major_shareholder","4","กองทุนรวม  วายุภักษ์หนึ่ง","195808700","3.49","False","2026-05-29","https://www.set.or.th/th/market/product/stock/quote/IVL/major-shareholders"
"IVL","บริษัท อินโดรามา เวนเจอร์ส จำกัด (มหาชน)","INDORAMA VENTURES PUBLIC COMPANY LIMITED","major_shareholder","5","สำนักงานประกันสังคม","94564840","1.68","False","2026-05-29","https://www.set.or.th/th/market/product/stock/quote/IVL/major-shareholders"
"KBANK","ธนาคารกสิกรไทย จำกัด (มหาชน)","KASIKORNBANK PUBLIC COMPANY LIMITED","major_shareholder","1","บริษัท  ไทยเอ็นวีดีอาร์ จำกัด","302400438","12.76","True","2026-04-22","https://www.set.or.th/th/market/product/stock/quote/KBANK/major-shareholders"
"KBANK","ธนาคารกสิกรไทย จำกัด (มหาชน)","KASIKORNBANK PUBLIC COMPANY LIMITED","major_shareholder","2","บริษัท  กัลฟ์ ดีเวลลอปเมนท์ จำกัด (มหาชน)","236805000","9.99","False","2026-04-22","https://www.set.or.th/th/market/product/stock/quote/KBANK/major-shareholders"
"KBANK","ธนาคารกสิกรไทย จำกัด (มหาชน)","KASIKORNBANK PUBLIC COMPANY LIMITED","major_shareholder","3","STATE STREET EUROPE LIMITED","138568144","5.85","False","2026-04-22","https://www.set.or.th/th/market/product/stock/quote/KBANK/major-shareholders"
"KBANK","ธนาคารกสิกรไทย จำกัด (มหาชน)","KASIKORNBANK PUBLIC COMPANY LIMITED","major_shareholder","4","SOUTH EAST ASIA UK (TYPE C) NOMINEES LIMITED","101684007","4.29","False","2026-04-22","https://www.set.or.th/th/market/product/stock/quote/KBANK/major-shareholders"
"KBANK","ธนาคารกสิกรไทย จำกัด (มหาชน)","KASIKORNBANK PUBLIC COMPANY LIMITED","major_shareholder","5","STATE STREET BANK AND TRUST COMPANY","92451320","3.9","False","2026-04-22","https://www.set.or.th/th/market/product/stock/quote/KBANK/major-shareholders"
"KKP","ธนาคารเกียรตินาคินภัทร จำกัด (มหาชน)","KIATNAKIN PHATRA BANK PUBLIC COMPANY LIMITED","major_shareholder","1","บริษัท  ไทยเอ็นวีดีอาร์ จำกัด","127201113","14.63","True","2026-04-30","https://www.set.or.th/th/market/product/stock/quote/KKP/major-shareholders"
"KKP","ธนาคารเกียรตินาคินภัทร จำกัด (มหาชน)","KIATNAKIN PHATRA BANK PUBLIC COMPANY LIMITED","major_shareholder","2","บริษัท  โชติธนวัฒน์ จำกัด","46318066","5.33","False","2026-04-30","https://www.set.or.th/th/market/product/stock/quote/KKP/major-shareholders"
"KKP","ธนาคารเกียรตินาคินภัทร จำกัด (มหาชน)","KIATNAKIN PHATRA BANK PUBLIC COMPANY LIMITED","major_shareholder","3","บริษัท  น้ำตาลตะวันออก จำกัด","40516393","4.66","False","2026-04-30","https://www.set.or.th/th/market/product/stock/quote/KKP/major-shareholders"
"KKP","ธนาคารเกียรตินาคินภัทร จำกัด (มหาชน)","KIATNAKIN PHATRA BANK PUBLIC COMPANY LIMITED","major_shareholder","4","น.ส. ฐิตินันท์ วัธนเวคิน","35532761","4.09","False","2026-04-30","https://www.set.or.th/th/market/product/stock/quote/KKP/major-shareholders"
"KKP","ธนาคารเกียรตินาคินภัทร จำกัด (มหาชน)","KIATNAKIN PHATRA BANK PUBLIC COMPANY LIMITED","major_shareholder","5","ธนาคาร  เกียรตินาคินภัทร จำกัด (มหาชน)","34896800","4.01","False","2026-04-30","https://www.set.or.th/th/market/product/stock/quote/KKP/major-shareholders"
"KTB","ธนาคารกรุงไทย จำกัด (มหาชน)","KRUNG THAI BANK PUBLIC COMPANY LIMITED","major_shareholder","1","กองทุน  เพื่อการฟื้นฟูและพัฒนาระบบสถาบันการเงิน","7696248833","55.07","False","2026-04-16","https://www.set.or.th/th/market/product/stock/quote/KTB/major-shareholders"
"KTB","ธนาคารกรุงไทย จำกัด (มหาชน)","KRUNG THAI BANK PUBLIC COMPANY LIMITED","major_shareholder","2","บริษัท  ไทยเอ็นวีดีอาร์ จำกัด","1139937572","8.16","True","2026-04-16","https://www.set.or.th/th/market/product/stock/quote/KTB/major-shareholders"
"KTB","ธนาคารกรุงไทย จำกัด (มหาชน)","KRUNG THAI BANK PUBLIC COMPANY LIMITED","major_shareholder","3","กองทุนรวม  วายุภักษ์หนึ่ง","442009615","3.16","False","2026-04-16","https://www.set.or.th/th/market/product/stock/quote/KTB/major-shareholders"
"KTB","ธนาคารกรุงไทย จำกัด (มหาชน)","KRUNG THAI BANK PUBLIC COMPANY LIMITED","major_shareholder","4","STATE STREET EUROPE LIMITED","247722258","1.77","False","2026-04-16","https://www.set.or.th/th/market/product/stock/quote/KTB/major-shareholders"
"KTB","ธนาคารกรุงไทย จำกัด (มหาชน)","KRUNG THAI BANK PUBLIC COMPANY LIMITED","major_shareholder","5","SOUTH EAST ASIA UK (TYPE C) NOMINEES LIMITED","244131410","1.75","False","2026-04-16","https://www.set.or.th/th/market/product/stock/quote/KTB/major-shareholders"
"KTC","บริษัท บัตรกรุงไทย จำกัด (มหาชน)","KRUNGTHAI CARD PUBLIC COMPANY LIMITED","major_shareholder","1","ธนาคาร  กรุงไทย จำกัด (มหาชน)","1270908500","49.29","False","2026-04-16","https://www.set.or.th/th/market/product/stock/quote/KTC/major-shareholders"
"KTC","บริษัท บัตรกรุงไทย จำกัด (มหาชน)","KRUNGTHAI CARD PUBLIC COMPANY LIMITED","major_shareholder","2","บริษัท  ไทยเอ็นวีดีอาร์ จำกัด","169006961","6.55","True","2026-04-16","https://www.set.or.th/th/market/product/stock/quote/KTC/major-shareholders"
"KTC","บริษัท บัตรกรุงไทย จำกัด (มหาชน)","KRUNGTHAI CARD PUBLIC COMPANY LIMITED","major_shareholder","3","นาย มงคล ประกิตชัยวัฒนา","138575084","5.37","False","2026-04-16","https://www.set.or.th/th/market/product/stock/quote/KTC/major-shareholders"
"KTC","บริษัท บัตรกรุงไทย จำกัด (มหาชน)","KRUNGTHAI CARD PUBLIC COMPANY LIMITED","major_shareholder","4","SOUTH EAST ASIA UK (TYPE C) NOMINEES LIMITED","53306868","2.07","False","2026-04-16","https://www.set.or.th/th/market/product/stock/quote/KTC/major-shareholders"
"KTC","บริษัท บัตรกรุงไทย จำกัด (มหาชน)","KRUNGTHAI CARD PUBLIC COMPANY LIMITED","major_shareholder","5","กองทุนรวม  วายุภักษ์หนึ่ง","44271500","1.72","False","2026-04-16","https://www.set.or.th/th/market/product/stock/quote/KTC/major-shareholders"
"LH","บริษัทแลนด์แอนด์เฮ้าส์ จำกัด (มหาชน)","LAND AND HOUSES PUBLIC COMPANY LIMITED","major_shareholder","1","นาย อนันต์ อัศวโภคิน","2894883427","24.23","False","2026-04-30","https://www.set.or.th/th/market/product/stock/quote/LH/major-shareholders"
"LH","บริษัทแลนด์แอนด์เฮ้าส์ จำกัด (มหาชน)","LAND AND HOUSES PUBLIC COMPANY LIMITED","major_shareholder","2","สำนักงานประกันสังคม","763135140","6.39","False","2026-04-30","https://www.set.or.th/th/market/product/stock/quote/LH/major-shareholders"
"LH","บริษัทแลนด์แอนด์เฮ้าส์ จำกัด (มหาชน)","LAND AND HOUSES PUBLIC COMPANY LIMITED","major_shareholder","3","บริษัท  เมย์แลนด์ จำกัด","677000069","5.67","False","2026-04-30","https://www.set.or.th/th/market/product/stock/quote/LH/major-shareholders"
"LH","บริษัทแลนด์แอนด์เฮ้าส์ จำกัด (มหาชน)","LAND AND HOUSES PUBLIC COMPANY LIMITED","major_shareholder","4","บริษัท  ไทยเอ็นวีดีอาร์ จำกัด","638067171","5.34","True","2026-04-30","https://www.set.or.th/th/market/product/stock/quote/LH/major-shareholders"
"LH","บริษัทแลนด์แอนด์เฮ้าส์ จำกัด (มหาชน)","LAND AND HOUSES PUBLIC COMPANY LIMITED","major_shareholder","5","THE BANK OF NEW YORK MELLON","310929000","2.6","False","2026-04-30","https://www.set.or.th/th/market/product/stock/quote/LH/major-shareholders"
"MINT","บริษัท ไมเนอร์ อินเตอร์เนชั่นแนล จำกัด (มหาชน)","MINOR INTERNATIONAL PUBLIC COMPANY LIMITED","major_shareholder","1","บริษัท  ไมเนอร์ โฮลดิ้ง (ไทย) จำกัด","916556730","16.17","False","2026-05-06","https://www.set.or.th/th/market/product/stock/quote/MINT/major-shareholders"
"MINT","บริษัท ไมเนอร์ อินเตอร์เนชั่นแนล จำกัด (มหาชน)","MINOR INTERNATIONAL PUBLIC COMPANY LIMITED","major_shareholder","2","UBS AG SINGAPORE BRANCH - FOR CLIENTS' ACCOUNTS","654773783","11.55","False","2026-05-06","https://www.set.or.th/th/market/product/stock/quote/MINT/major-shareholders"
"MINT","บริษัท ไมเนอร์ อินเตอร์เนชั่นแนล จำกัด (มหาชน)","MINOR INTERNATIONAL PUBLIC COMPANY LIMITED","major_shareholder","3","นาย นิติ โอสถานุเคราะห์","558134428","9.84","False","2026-05-06","https://www.set.or.th/th/market/product/stock/quote/MINT/major-shareholders"
"MINT","บริษัท ไมเนอร์ อินเตอร์เนชั่นแนล จำกัด (มหาชน)","MINOR INTERNATIONAL PUBLIC COMPANY LIMITED","major_shareholder","4","บริษัท  ไทยเอ็นวีดีอาร์ จำกัด","368653901","6.5","True","2026-05-06","https://www.set.or.th/th/market/product/stock/quote/MINT/major-shareholders"
"MINT","บริษัท ไมเนอร์ อินเตอร์เนชั่นแนล จำกัด (มหาชน)","MINOR INTERNATIONAL PUBLIC COMPANY LIMITED","major_shareholder","5","สำนักงานประกันสังคม","205221402","3.62","False","2026-05-06","https://www.set.or.th/th/market/product/stock/quote/MINT/major-shareholders"
"MTC","บริษัท เมืองไทย แคปปิตอล จำกัด (มหาชน)","MUANGTHAI CAPITAL PUBLIC COMPANY LIMITED","major_shareholder","1","นาง ดาวนภา พัชรชัย","720000000","33.96","False","2026-04-29","https://www.set.or.th/th/market/product/stock/quote/MTC/major-shareholders"
"MTC","บริษัท เมืองไทย แคปปิตอล จำกัด (มหาชน)","MUANGTHAI CAPITAL PUBLIC COMPANY LIMITED","major_shareholder","2","นาย ปริทัศน์ เพชรอำไพ","304028200","14.34","False","2026-04-29","https://www.set.or.th/th/market/product/stock/quote/MTC/major-shareholders"
"MTC","บริษัท เมืองไทย แคปปิตอล จำกัด (มหาชน)","MUANGTHAI CAPITAL PUBLIC COMPANY LIMITED","major_shareholder","3","นาย ศึกษิต พัชรชัย","300028200","14.15","False","2026-04-29","https://www.set.or.th/th/market/product/stock/quote/MTC/major-shareholders"
"MTC","บริษัท เมืองไทย แคปปิตอล จำกัด (มหาชน)","MUANGTHAI CAPITAL PUBLIC COMPANY LIMITED","major_shareholder","4","UBS AG SINGAPORE BRANCH - FOR CLIENTS' ACCOUNTS","110300000","5.2","False","2026-04-29","https://www.set.or.th/th/market/product/stock/quote/MTC/major-shareholders"
"MTC","บริษัท เมืองไทย แคปปิตอล จำกัด (มหาชน)","MUANGTHAI CAPITAL PUBLIC COMPANY LIMITED","major_shareholder","5","บริษัท  ไทยเอ็นวีดีอาร์ จำกัด","68050375","3.21","True","2026-04-29","https://www.set.or.th/th/market/product/stock/quote/MTC/major-shareholders"
"OR","บริษัท ปตท. น้ำมันและการค้าปลีก จำกัด (มหาชน)","PTT OIL AND RETAIL BUSINESS PUBLIC COMPANY LIMITED","major_shareholder","1","บริษัท  ปตท. จำกัด (มหาชน)","9000000000","75.0","False","2026-02-24","https://www.set.or.th/th/market/product/stock/quote/OR/major-shareholders"
"OR","บริษัท ปตท. น้ำมันและการค้าปลีก จำกัด (มหาชน)","PTT OIL AND RETAIL BUSINESS PUBLIC COMPANY LIMITED","major_shareholder","2","บริษัท  ไทยเอ็นวีดีอาร์ จำกัด","204607323","1.71","True","2026-02-24","https://www.set.or.th/th/market/product/stock/quote/OR/major-shareholders"
"OR","บริษัท ปตท. น้ำมันและการค้าปลีก จำกัด (มหาชน)","PTT OIL AND RETAIL BUSINESS PUBLIC COMPANY LIMITED","major_shareholder","3","กองทุนรวม  วายุภักษ์หนึ่ง","188439322","1.57","False","2026-02-24","https://www.set.or.th/th/market/product/stock/quote/OR/major-shareholders"
"OR","บริษัท ปตท. น้ำมันและการค้าปลีก จำกัด (มหาชน)","PTT OIL AND RETAIL BUSINESS PUBLIC COMPANY LIMITED","major_shareholder","4","SOUTH EAST ASIA UK (TYPE C) NOMINEES LIMITED","103877917","0.87","False","2026-02-24","https://www.set.or.th/th/market/product/stock/quote/OR/major-shareholders"
"OR","บริษัท ปตท. น้ำมันและการค้าปลีก จำกัด (มหาชน)","PTT OIL AND RETAIL BUSINESS PUBLIC COMPANY LIMITED","major_shareholder","5","ชุมนุมสหกรณ์ออมทรัพย์ แห่งประเทศไทย จำกัด","75355196","0.63","False","2026-02-24","https://www.set.or.th/th/market/product/stock/quote/OR/major-shareholders"
"OSP","บริษัท โอสถสภา จำกัด (มหาชน)","OSOTSPA PUBLIC COMPANY LIMITED","major_shareholder","1","นาย นิติ โอสถานุเคราะห์","723097300","24.07","False","2026-05-08","https://www.set.or.th/th/market/product/stock/quote/OSP/major-shareholders"
"OSP","บริษัท โอสถสภา จำกัด (มหาชน)","OSOTSPA PUBLIC COMPANY LIMITED","major_shareholder","2","BANK JULIUS BAER & CO. LTD, SINGAPORE","261060475","8.69","False","2026-05-08","https://www.set.or.th/th/market/product/stock/quote/OSP/major-shareholders"
"OSP","บริษัท โอสถสภา จำกัด (มหาชน)","OSOTSPA PUBLIC COMPANY LIMITED","major_shareholder","3","บริษัท  ไทยเอ็นวีดีอาร์ จำกัด","117207677","3.9","True","2026-05-08","https://www.set.or.th/th/market/product/stock/quote/OSP/major-shareholders"
"OSP","บริษัท โอสถสภา จำกัด (มหาชน)","OSOTSPA PUBLIC COMPANY LIMITED","major_shareholder","4","นาย ภาสุรี โอสถานุเคราะห์","100619800","3.35","False","2026-05-08","https://www.set.or.th/th/market/product/stock/quote/OSP/major-shareholders"
"OSP","บริษัท โอสถสภา จำกัด (มหาชน)","OSOTSPA PUBLIC COMPANY LIMITED","major_shareholder","5","น.ส. เกสรา โอสถานุเคราะห์","94188200","3.14","False","2026-05-08","https://www.set.or.th/th/market/product/stock/quote/OSP/major-shareholders"
"PTT","บริษัท ปตท. จำกัด (มหาชน)","PTT PUBLIC COMPANY LIMITED","major_shareholder","1","กระทรวงการคลัง","14675631250","51.38","False","2026-03-06","https://www.set.or.th/th/market/product/stock/quote/PTT/major-shareholders"
"PTT","บริษัท ปตท. จำกัด (มหาชน)","PTT PUBLIC COMPANY LIMITED","major_shareholder","2","กองทุนรวม  วายุภักษ์หนึ่ง","2235634400","7.83","False","2026-03-06","https://www.set.or.th/th/market/product/stock/quote/PTT/major-shareholders"
"PTT","บริษัท ปตท. จำกัด (มหาชน)","PTT PUBLIC COMPANY LIMITED","major_shareholder","3","บริษัท  ไทยเอ็นวีดีอาร์ จำกัด","1700904562","5.95","True","2026-03-06","https://www.set.or.th/th/market/product/stock/quote/PTT/major-shareholders"
"PTT","บริษัท ปตท. จำกัด (มหาชน)","PTT PUBLIC COMPANY LIMITED","major_shareholder","4","ชุมนุมสหกรณ์ออมทรัพย์ แห่งประเทศไทย จำกัด","588811600","2.06","False","2026-03-06","https://www.set.or.th/th/market/product/stock/quote/PTT/major-shareholders"
"PTT","บริษัท ปตท. จำกัด (มหาชน)","PTT PUBLIC COMPANY LIMITED","major_shareholder","5","สำนักงานประกันสังคม","506558553","1.77","False","2026-03-06","https://www.set.or.th/th/market/product/stock/quote/PTT/major-shareholders"
"PTTEP","บริษัท ปตท.สำรวจและผลิตปิโตรเลียม จำกัด (มหาชน)","PTT EXPLORATION AND PRODUCTION PUBLIC COMPANY LIMITED","major_shareholder","1","บริษัท  ปตท. จำกัด (มหาชน)","2532340489","63.79","False","2026-02-24","https://www.set.or.th/th/market/product/stock/quote/PTTEP/major-shareholders"
"PTTEP","บริษัท ปตท.สำรวจและผลิตปิโตรเลียม จำกัด (มหาชน)","PTT EXPLORATION AND PRODUCTION PUBLIC COMPANY LIMITED","major_shareholder","2","บริษัท  ไทยเอ็นวีดีอาร์ จำกัด","265573981","6.69","True","2026-02-24","https://www.set.or.th/th/market/product/stock/quote/PTTEP/major-shareholders"
"PTTEP","บริษัท ปตท.สำรวจและผลิตปิโตรเลียม จำกัด (มหาชน)","PTT EXPLORATION AND PRODUCTION PUBLIC COMPANY LIMITED","major_shareholder","3","กองทุนรวม  วายุภักษ์หนึ่ง","69689100","1.76","False","2026-02-24","https://www.set.or.th/th/market/product/stock/quote/PTTEP/major-shareholders"
"PTTEP","บริษัท ปตท.สำรวจและผลิตปิโตรเลียม จำกัด (มหาชน)","PTT EXPLORATION AND PRODUCTION PUBLIC COMPANY LIMITED","major_shareholder","4","STATE STREET EUROPE LIMITED","67771167","1.71","False","2026-02-24","https://www.set.or.th/th/market/product/stock/quote/PTTEP/major-shareholders"
"PTTEP","บริษัท ปตท.สำรวจและผลิตปิโตรเลียม จำกัด (มหาชน)","PTT EXPLORATION AND PRODUCTION PUBLIC COMPANY LIMITED","major_shareholder","5","บริษัท  สยาม แมนเนจเม้นท์ โฮลดิ้ง จำกัด","59520000","1.5","False","2026-02-24","https://www.set.or.th/th/market/product/stock/quote/PTTEP/major-shareholders"
"PTTGC","บริษัท พีทีที โกลบอล เคมิคอล จำกัด (มหาชน)","PTT GLOBAL CHEMICAL PUBLIC COMPANY LIMITED","major_shareholder","1","บริษัท  ปตท. จำกัด (มหาชน)","2037220915","45.18","False","2026-02-25","https://www.set.or.th/th/market/product/stock/quote/PTTGC/major-shareholders"
"PTTGC","บริษัท พีทีที โกลบอล เคมิคอล จำกัด (มหาชน)","PTT GLOBAL CHEMICAL PUBLIC COMPANY LIMITED","major_shareholder","2","บริษัท  ไทยเอ็นวีดีอาร์ จำกัด","238053430","5.28","True","2026-02-25","https://www.set.or.th/th/market/product/stock/quote/PTTGC/major-shareholders"
"PTTGC","บริษัท พีทีที โกลบอล เคมิคอล จำกัด (มหาชน)","PTT GLOBAL CHEMICAL PUBLIC COMPANY LIMITED","major_shareholder","3","กองทุนรวม  วายุภักษ์หนึ่ง","151705700","3.36","False","2026-02-25","https://www.set.or.th/th/market/product/stock/quote/PTTGC/major-shareholders"
"PTTGC","บริษัท พีทีที โกลบอล เคมิคอล จำกัด (มหาชน)","PTT GLOBAL CHEMICAL PUBLIC COMPANY LIMITED","major_shareholder","4","บริษัท  สยาม แมนเนจเม้นท์ โฮลดิ้ง จำกัด","135240000","3.0","False","2026-02-25","https://www.set.or.th/th/market/product/stock/quote/PTTGC/major-shareholders"
"PTTGC","บริษัท พีทีที โกลบอล เคมิคอล จำกัด (มหาชน)","PTT GLOBAL CHEMICAL PUBLIC COMPANY LIMITED","major_shareholder","5","STATE STREET EUROPE LIMITED","114288452","2.53","False","2026-02-25","https://www.set.or.th/th/market/product/stock/quote/PTTGC/major-shareholders"
"RATCH","บริษัท ราช กรุ๊ป จำกัด (มหาชน)","RATCH GROUP PUBLIC COMPANY LIMITED","major_shareholder","1","การไฟฟ้าฝ่ายผลิตแห่งประเทศไทย","978750000","45.0","False","2026-03-13","https://www.set.or.th/th/market/product/stock/quote/RATCH/major-shareholders"
"RATCH","บริษัท ราช กรุ๊ป จำกัด (มหาชน)","RATCH GROUP PUBLIC COMPANY LIMITED","major_shareholder","2","สหกรณ์ ออมทรัพย์การไฟฟ้าฝ่ายผลิตแห่งประเทศไทย จำกัด","134598536","6.19","False","2026-03-13","https://www.set.or.th/th/market/product/stock/quote/RATCH/major-shareholders"
"RATCH","บริษัท ราช กรุ๊ป จำกัด (มหาชน)","RATCH GROUP PUBLIC COMPANY LIMITED","major_shareholder","3","สำนักงานประกันสังคม","101870550","4.68","False","2026-03-13","https://www.set.or.th/th/market/product/stock/quote/RATCH/major-shareholders"
"RATCH","บริษัท ราช กรุ๊ป จำกัด (มหาชน)","RATCH GROUP PUBLIC COMPANY LIMITED","major_shareholder","4","บริษัท  ไทยเอ็นวีดีอาร์ จำกัด","81948761","3.77","True","2026-03-13","https://www.set.or.th/th/market/product/stock/quote/RATCH/major-shareholders"
"RATCH","บริษัท ราช กรุ๊ป จำกัด (มหาชน)","RATCH GROUP PUBLIC COMPANY LIMITED","major_shareholder","5","นาย ประทีป ตั้งมติธรรม","27335450","1.26","False","2026-03-13","https://www.set.or.th/th/market/product/stock/quote/RATCH/major-shareholders"
"SAWAD","บริษัท ศรีสวัสดิ์ คอร์ปอเรชั่น จำกัด (มหาชน)","SRISAWAD CORPORATION PUBLIC COMPANY LIMITED","major_shareholder","1","น.ส. ธิดา แก้วบุตตา","268883440","16.18","False","2026-05-08","https://www.set.or.th/th/market/product/stock/quote/SAWAD/major-shareholders"
"SAWAD","บริษัท ศรีสวัสดิ์ คอร์ปอเรชั่น จำกัด (มหาชน)","SRISAWAD CORPORATION PUBLIC COMPANY LIMITED","major_shareholder","2","UBS AG SINGAPORE BRANCH - FOR CLIENTS' ACCOUNTS","195030812","11.74","False","2026-05-08","https://www.set.or.th/th/market/product/stock/quote/SAWAD/major-shareholders"
"SAWAD","บริษัท ศรีสวัสดิ์ คอร์ปอเรชั่น จำกัด (มหาชน)","SRISAWAD CORPORATION PUBLIC COMPANY LIMITED","major_shareholder","3","น.ส. ดวงใจ แก้วบุตตา","135263396","8.14","False","2026-05-08","https://www.set.or.th/th/market/product/stock/quote/SAWAD/major-shareholders"
"SAWAD","บริษัท ศรีสวัสดิ์ คอร์ปอเรชั่น จำกัด (มหาชน)","SRISAWAD CORPORATION PUBLIC COMPANY LIMITED","major_shareholder","4","บริษัท  ไทยเอ็นวีดีอาร์ จำกัด","103159132","6.21","True","2026-05-08","https://www.set.or.th/th/market/product/stock/quote/SAWAD/major-shareholders"
"SAWAD","บริษัท ศรีสวัสดิ์ คอร์ปอเรชั่น จำกัด (มหาชน)","SRISAWAD CORPORATION PUBLIC COMPANY LIMITED","major_shareholder","5","นาง จริยา แก้วบุตตา","98643749","5.94","False","2026-05-08","https://www.set.or.th/th/market/product/stock/quote/SAWAD/major-shareholders"
"SCB","บริษัท เอสซีบี เอกซ์ จำกัด (มหาชน)","SCB X PUBLIC COMPANY LIMITED","major_shareholder","1","พระบาทสมเด็จพระวชิรเกล้าเจ้าอยู่หัว","793832359","23.58","False","2026-04-21","https://www.set.or.th/th/market/product/stock/quote/SCB/major-shareholders"
"SCB","บริษัท เอสซีบี เอกซ์ จำกัด (มหาชน)","SCB X PUBLIC COMPANY LIMITED","major_shareholder","2","กองทุนรวม  วายุภักษ์หนึ่ง","785298200","23.32","False","2026-04-21","https://www.set.or.th/th/market/product/stock/quote/SCB/major-shareholders"
"SCB","บริษัท เอสซีบี เอกซ์ จำกัด (มหาชน)","SCB X PUBLIC COMPANY LIMITED","major_shareholder","3","บริษัท  ไทยเอ็นวีดีอาร์ จำกัด","182011647","5.41","True","2026-04-21","https://www.set.or.th/th/market/product/stock/quote/SCB/major-shareholders"
"SCB","บริษัท เอสซีบี เอกซ์ จำกัด (มหาชน)","SCB X PUBLIC COMPANY LIMITED","major_shareholder","4","สำนักงานประกันสังคม","103055200","3.06","False","2026-04-21","https://www.set.or.th/th/market/product/stock/quote/SCB/major-shareholders"
"SCB","บริษัท เอสซีบี เอกซ์ จำกัด (มหาชน)","SCB X PUBLIC COMPANY LIMITED","major_shareholder","5","SOUTH EAST ASIA UK (TYPE C) NOMINEES LIMITED","102264686","3.04","False","2026-04-21","https://www.set.or.th/th/market/product/stock/quote/SCB/major-shareholders"
"SCC","บริษัท ปูนซิเมนต์ไทย จำกัด (มหาชน)","THE SIAM CEMENT PUBLIC COMPANY LIMITED","major_shareholder","1","พระบาทสมเด็จพระวชิรเกล้าเจ้าอยู่หัว","403647840","33.64","False","2026-04-02","https://www.set.or.th/th/market/product/stock/quote/SCC/major-shareholders"
"SCC","บริษัท ปูนซิเมนต์ไทย จำกัด (มหาชน)","THE SIAM CEMENT PUBLIC COMPANY LIMITED","major_shareholder","2","บริษัท  ไทยเอ็นวีดีอาร์ จำกัด","91860061","7.66","True","2026-04-02","https://www.set.or.th/th/market/product/stock/quote/SCC/major-shareholders"
"SCC","บริษัท ปูนซิเมนต์ไทย จำกัด (มหาชน)","THE SIAM CEMENT PUBLIC COMPANY LIMITED","major_shareholder","3","สำนักงานประกันสังคม","67135537","5.59","False","2026-04-02","https://www.set.or.th/th/market/product/stock/quote/SCC/major-shareholders"
"SCC","บริษัท ปูนซิเมนต์ไทย จำกัด (มหาชน)","THE SIAM CEMENT PUBLIC COMPANY LIMITED","major_shareholder","4","SOUTH EAST ASIA UK (TYPE C) NOMINEES LIMITED","37873579","3.16","False","2026-04-02","https://www.set.or.th/th/market/product/stock/quote/SCC/major-shareholders"
"SCC","บริษัท ปูนซิเมนต์ไทย จำกัด (มหาชน)","THE SIAM CEMENT PUBLIC COMPANY LIMITED","major_shareholder","5","STATE STREET EUROPE LIMITED","21545041","1.8","False","2026-04-02","https://www.set.or.th/th/market/product/stock/quote/SCC/major-shareholders"
"SCGP","บริษัท เอสซีจี แพคเกจจิ้ง จำกัด (มหาชน)","SCG PACKAGING PUBLIC COMPANY LIMITED","major_shareholder","1","บริษัท  ปูนซิเมนต์ไทย จำกัด (มหาชน)","3095882660","72.12","False","2026-04-01","https://www.set.or.th/th/market/product/stock/quote/SCGP/major-shareholders"
"SCGP","บริษัท เอสซีจี แพคเกจจิ้ง จำกัด (มหาชน)","SCG PACKAGING PUBLIC COMPANY LIMITED","major_shareholder","2","บริษัท  ไทยเอ็นวีดีอาร์ จำกัด","99757377","2.32","True","2026-04-01","https://www.set.or.th/th/market/product/stock/quote/SCGP/major-shareholders"
"SCGP","บริษัท เอสซีจี แพคเกจจิ้ง จำกัด (มหาชน)","SCG PACKAGING PUBLIC COMPANY LIMITED","major_shareholder","3","สำนักงานประกันสังคม","77672286","1.81","False","2026-04-01","https://www.set.or.th/th/market/product/stock/quote/SCGP/major-shareholders"
"SCGP","บริษัท เอสซีจี แพคเกจจิ้ง จำกัด (มหาชน)","SCG PACKAGING PUBLIC COMPANY LIMITED","major_shareholder","4","กองทุนรวม  วายุภักษ์หนึ่ง","77280058","1.8","False","2026-04-01","https://www.set.or.th/th/market/product/stock/quote/SCGP/major-shareholders"
"SCGP","บริษัท เอสซีจี แพคเกจจิ้ง จำกัด (มหาชน)","SCG PACKAGING PUBLIC COMPANY LIMITED","major_shareholder","5","บริษัท  ทุนลดาวัลย์ จำกัด","75198900","1.75","False","2026-04-01","https://www.set.or.th/th/market/product/stock/quote/SCGP/major-shareholders"
"TCAP","บริษัท ทุนธนชาต จำกัด (มหาชน)","THANACHART CAPITAL PUBLIC COMPANY LIMITED","major_shareholder","1","บริษัท  เอ็ม บี เค จำกัด (มหาชน)","261102300","24.9","False","2026-04-17","https://www.set.or.th/th/market/product/stock/quote/TCAP/major-shareholders"
"TCAP","บริษัท ทุนธนชาต จำกัด (มหาชน)","THANACHART CAPITAL PUBLIC COMPANY LIMITED","major_shareholder","2","บริษัท  ไทยเอ็นวีดีอาร์ จำกัด","84232594","8.03","True","2026-04-17","https://www.set.or.th/th/market/product/stock/quote/TCAP/major-shareholders"
"TCAP","บริษัท ทุนธนชาต จำกัด (มหาชน)","THANACHART CAPITAL PUBLIC COMPANY LIMITED","major_shareholder","3","นาย สมชาย ลิ้มถิรคุณ","26700000","2.55","False","2026-04-17","https://www.set.or.th/th/market/product/stock/quote/TCAP/major-shareholders"
"TCAP","บริษัท ทุนธนชาต จำกัด (มหาชน)","THANACHART CAPITAL PUBLIC COMPANY LIMITED","major_shareholder","4","SOUTH EAST ASIA UK (TYPE C) NOMINEES LIMITED","25502700","2.43","False","2026-04-17","https://www.set.or.th/th/market/product/stock/quote/TCAP/major-shareholders"
"TCAP","บริษัท ทุนธนชาต จำกัด (มหาชน)","THANACHART CAPITAL PUBLIC COMPANY LIMITED","major_shareholder","5","DBS BANK LTD. AC DBS NOMINEES-PB CLIENTS","20402341","1.95","False","2026-04-17","https://www.set.or.th/th/market/product/stock/quote/TCAP/major-shareholders"
"TIDLOR","บริษัท ติดล้อ โฮลดิ้งส์ จำกัด (มหาชน)","TIDLOR HOLDINGS PUBLIC COMPANY LIMITED","major_shareholder","1","ธนาคาร  กรุงศรีอยุธยา จำกัด (มหาชน)","1346993454","46.51","False","2026-06-04","https://www.set.or.th/th/market/product/stock/quote/TIDLOR/major-shareholders"
"TIDLOR","บริษัท ติดล้อ โฮลดิ้งส์ จำกัด (มหาชน)","TIDLOR HOLDINGS PUBLIC COMPANY LIMITED","major_shareholder","2","บริษัท  ไทยเอ็นวีดีอาร์ จำกัด","140922341","4.87","True","2026-06-04","https://www.set.or.th/th/market/product/stock/quote/TIDLOR/major-shareholders"
"TIDLOR","บริษัท ติดล้อ โฮลดิ้งส์ จำกัด (มหาชน)","TIDLOR HOLDINGS PUBLIC COMPANY LIMITED","major_shareholder","3","กองทุนรวม  วายุภักษ์หนึ่ง","101183266","3.49","False","2026-06-04","https://www.set.or.th/th/market/product/stock/quote/TIDLOR/major-shareholders"
"TIDLOR","บริษัท ติดล้อ โฮลดิ้งส์ จำกัด (มหาชน)","TIDLOR HOLDINGS PUBLIC COMPANY LIMITED","major_shareholder","4","HOTAI FINANCE CO., LTD.","89237069","3.08","False","2026-06-04","https://www.set.or.th/th/market/product/stock/quote/TIDLOR/major-shareholders"
"TIDLOR","บริษัท ติดล้อ โฮลดิ้งส์ จำกัด (มหาชน)","TIDLOR HOLDINGS PUBLIC COMPANY LIMITED","major_shareholder","5","SOUTH EAST ASIA UK (TYPE C) NOMINEES LIMITED","58128051","2.01","False","2026-06-04","https://www.set.or.th/th/market/product/stock/quote/TIDLOR/major-shareholders"
"TISCO","บริษัท ทิสโก้ไฟแนนเชียลกรุ๊ป จำกัด (มหาชน)","TISCO FINANCIAL GROUP PUBLIC COMPANY LIMITED","major_shareholder","1","บริษัท  ไทยเอ็นวีดีอาร์ จำกัด","95723474","11.96","True","2026-04-30","https://www.set.or.th/th/market/product/stock/quote/TISCO/major-shareholders"
"TISCO","บริษัท ทิสโก้ไฟแนนเชียลกรุ๊ป จำกัด (มหาชน)","TISCO FINANCIAL GROUP PUBLIC COMPANY LIMITED","major_shareholder","2","CDIB & PARTNERS INVESTMENT HOLDING PTE.LTD.","80065320","10.0","False","2026-04-30","https://www.set.or.th/th/market/product/stock/quote/TISCO/major-shareholders"
"TISCO","บริษัท ทิสโก้ไฟแนนเชียลกรุ๊ป จำกัด (มหาชน)","TISCO FINANCIAL GROUP PUBLIC COMPANY LIMITED","major_shareholder","3","TOKYO CENTURY CORPORATION","39482767","4.93","False","2026-04-30","https://www.set.or.th/th/market/product/stock/quote/TISCO/major-shareholders"
"TISCO","บริษัท ทิสโก้ไฟแนนเชียลกรุ๊ป จำกัด (มหาชน)","TISCO FINANCIAL GROUP PUBLIC COMPANY LIMITED","major_shareholder","4","SOUTH EAST ASIA UK (TYPE C) NOMINEES LIMITED","26233695","3.28","False","2026-04-30","https://www.set.or.th/th/market/product/stock/quote/TISCO/major-shareholders"
"TISCO","บริษัท ทิสโก้ไฟแนนเชียลกรุ๊ป จำกัด (มหาชน)","TISCO FINANCIAL GROUP PUBLIC COMPANY LIMITED","major_shareholder","5","บริษัท  ทุนธนชาต จำกัด (มหาชน)","13480000","1.68","False","2026-04-30","https://www.set.or.th/th/market/product/stock/quote/TISCO/major-shareholders"
"TLI","บริษัท ไทยประกันชีวิต จำกัด (มหาชน)","THAI LIFE INSURANCE PUBLIC COMPANY LIMITED","major_shareholder","1","บริษัท  วี.ซี.สมบัติ จำกัด","5818273600","50.81","False","2026-05-08","https://www.set.or.th/th/market/product/stock/quote/TLI/major-shareholders"
"TLI","บริษัท ไทยประกันชีวิต จำกัด (มหาชน)","THAI LIFE INSURANCE PUBLIC COMPANY LIMITED","major_shareholder","2","N.C.B.TRUST LIMITED-CBNA LDN MEIJI YASUDA LIFE G-A 091","1946500000","17.0","False","2026-05-08","https://www.set.or.th/th/market/product/stock/quote/TLI/major-shareholders"
"TLI","บริษัท ไทยประกันชีวิต จำกัด (มหาชน)","THAI LIFE INSURANCE PUBLIC COMPANY LIMITED","major_shareholder","3","HER SING (H.K.) LIMITED","641156000","5.6","False","2026-05-08","https://www.set.or.th/th/market/product/stock/quote/TLI/major-shareholders"
"TLI","บริษัท ไทยประกันชีวิต จำกัด (มหาชน)","THAI LIFE INSURANCE PUBLIC COMPANY LIMITED","major_shareholder","4","BNP PARIBAS SINGAPORE BRANCH","221000000","1.93","False","2026-05-08","https://www.set.or.th/th/market/product/stock/quote/TLI/major-shareholders"
"TLI","บริษัท ไทยประกันชีวิต จำกัด (มหาชน)","THAI LIFE INSURANCE PUBLIC COMPANY LIMITED","major_shareholder","5","กองทุนรวม  วายุภักษ์หนึ่ง","202764900","1.77","False","2026-05-08","https://www.set.or.th/th/market/product/stock/quote/TLI/major-shareholders"
"TOP","บริษัท ไทยออยล์ จำกัด (มหาชน)","THAI OIL PUBLIC COMPANY LIMITED","major_shareholder","1","บริษัท  ปตท. จำกัด (มหาชน)","1005920239","45.03","False","2026-02-26","https://www.set.or.th/th/market/product/stock/quote/TOP/major-shareholders"
"TOP","บริษัท ไทยออยล์ จำกัด (มหาชน)","THAI OIL PUBLIC COMPANY LIMITED","major_shareholder","2","บริษัท  ไทยเอ็นวีดีอาร์ จำกัด","257207519","11.51","True","2026-02-26","https://www.set.or.th/th/market/product/stock/quote/TOP/major-shareholders"
"TOP","บริษัท ไทยออยล์ จำกัด (มหาชน)","THAI OIL PUBLIC COMPANY LIMITED","major_shareholder","3","SOUTH EAST ASIA UK (TYPE C) NOMINEES LIMITED","75253279","3.37","False","2026-02-26","https://www.set.or.th/th/market/product/stock/quote/TOP/major-shareholders"
"TOP","บริษัท ไทยออยล์ จำกัด (มหาชน)","THAI OIL PUBLIC COMPANY LIMITED","major_shareholder","4","บริษัท  สยาม แมนเนจเม้นท์ โฮลดิ้ง จำกัด","66400499","2.97","False","2026-02-26","https://www.set.or.th/th/market/product/stock/quote/TOP/major-shareholders"
"TOP","บริษัท ไทยออยล์ จำกัด (มหาชน)","THAI OIL PUBLIC COMPANY LIMITED","major_shareholder","5","THE BANK OF NEW YORK MELLON","46697567","2.09","False","2026-02-26","https://www.set.or.th/th/market/product/stock/quote/TOP/major-shareholders"
"TRUE","บริษัท ทรู คอร์ปอเรชั่น จำกัด (มหาชน)","TRUE CORPORATION PUBLIC COMPANY LIMITED","major_shareholder","1","บริษัท  อไรซ์ ดิจิทัล เทคโนโลยี จำกัด","8620749150","24.95","False","2026-05-21","https://www.set.or.th/th/market/product/stock/quote/TRUE/major-shareholders"
"TRUE","บริษัท ทรู คอร์ปอเรชั่น จำกัด (มหาชน)","TRUE CORPORATION PUBLIC COMPANY LIMITED","major_shareholder","2","บริษัท  ไทยเอ็นวีดีอาร์ จำกัด","4100453519","11.87","True","2026-05-21","https://www.set.or.th/th/market/product/stock/quote/TRUE/major-shareholders"
"TRUE","บริษัท ทรู คอร์ปอเรชั่น จำกัด (มหาชน)","TRUE CORPORATION PUBLIC COMPANY LIMITED","major_shareholder","3","บริษัท  ซีพีเอช เทลโค จำกัด","3694389485","10.69","False","2026-05-21","https://www.set.or.th/th/market/product/stock/quote/TRUE/major-shareholders"
"TRUE","บริษัท ทรู คอร์ปอเรชั่น จำกัด (มหาชน)","TRUE CORPORATION PUBLIC COMPANY LIMITED","major_shareholder","4","บริษัท  เครือเจริญโภคภัณฑ์ จำกัด","3122977035","9.04","False","2026-05-21","https://www.set.or.th/th/market/product/stock/quote/TRUE/major-shareholders"
"TRUE","บริษัท ทรู คอร์ปอเรชั่น จำกัด (มหาชน)","TRUE CORPORATION PUBLIC COMPANY LIMITED","major_shareholder","5","CHINA MOBILE INTERNATIONAL HOLDINGS LIMITED","2698330341","7.81","False","2026-05-21","https://www.set.or.th/th/market/product/stock/quote/TRUE/major-shareholders"
"TTB","ธนาคารทหารไทยธนชาต จำกัด (มหาชน)","TMBTHANACHART BANK PUBLIC COMPANY LIMITED","major_shareholder","1","บริษัท  ทุนธนชาต จำกัด (มหาชน)","23782833043","24.37","False","2026-04-28","https://www.set.or.th/th/market/product/stock/quote/TTB/major-shareholders"
"TTB","ธนาคารทหารไทยธนชาต จำกัด (มหาชน)","TMBTHANACHART BANK PUBLIC COMPANY LIMITED","major_shareholder","2","ING BANK N.V.","21164759420","21.69","False","2026-04-28","https://www.set.or.th/th/market/product/stock/quote/TTB/major-shareholders"
"TTB","ธนาคารทหารไทยธนชาต จำกัด (มหาชน)","TMBTHANACHART BANK PUBLIC COMPANY LIMITED","major_shareholder","3","กระทรวงการคลัง","11364282005","11.65","False","2026-04-28","https://www.set.or.th/th/market/product/stock/quote/TTB/major-shareholders"
"TTB","ธนาคารทหารไทยธนชาต จำกัด (มหาชน)","TMBTHANACHART BANK PUBLIC COMPANY LIMITED","major_shareholder","4","ธนาคาร  ทหารไทยธนชาต จำกัด (มหาชน)","5783412207","5.93","False","2026-04-28","https://www.set.or.th/th/market/product/stock/quote/TTB/major-shareholders"
"TTB","ธนาคารทหารไทยธนชาต จำกัด (มหาชน)","TMBTHANACHART BANK PUBLIC COMPANY LIMITED","major_shareholder","5","บริษัท  ไทยเอ็นวีดีอาร์ จำกัด","5546218537","5.68","True","2026-04-28","https://www.set.or.th/th/market/product/stock/quote/TTB/major-shareholders"
"TU","บริษัท ไทยยูเนี่ยน กรุ๊ป จำกัด (มหาชน)","THAI UNION GROUP PUBLIC COMPANY LIMITED","major_shareholder","1","บริษัท  ไทยยูเนี่ยน กรุ๊ป จำกัด (มหาชน)","400038900","9.4","False","2026-03-04","https://www.set.or.th/th/market/product/stock/quote/TU/major-shareholders"
"TU","บริษัท ไทยยูเนี่ยน กรุ๊ป จำกัด (มหาชน)","THAI UNION GROUP PUBLIC COMPANY LIMITED","major_shareholder","2","บริษัท  ไทยเอ็นวีดีอาร์ จำกัด","368387098","8.66","True","2026-03-04","https://www.set.or.th/th/market/product/stock/quote/TU/major-shareholders"
"TU","บริษัท ไทยยูเนี่ยน กรุ๊ป จำกัด (มหาชน)","THAI UNION GROUP PUBLIC COMPANY LIMITED","major_shareholder","3","นาย ธีรพงศ์ จันศิริ","244068864","5.74","False","2026-03-04","https://www.set.or.th/th/market/product/stock/quote/TU/major-shareholders"
"TU","บริษัท ไทยยูเนี่ยน กรุ๊ป จำกัด (มหาชน)","THAI UNION GROUP PUBLIC COMPANY LIMITED","major_shareholder","4","MITSUBISHI UFJ MORGAN STANLEY SECURITIES CO.,LTD.","238745120","5.61","False","2026-03-04","https://www.set.or.th/th/market/product/stock/quote/TU/major-shareholders"
"TU","บริษัท ไทยยูเนี่ยน กรุ๊ป จำกัด (มหาชน)","THAI UNION GROUP PUBLIC COMPANY LIMITED","major_shareholder","5","นาย เชง นิรุตตินานนท์","200442084","4.71","False","2026-03-04","https://www.set.or.th/th/market/product/stock/quote/TU/major-shareholders"
"WHA","บริษัท ดับบลิวเอชเอ คอร์ปอเรชั่น จำกัด (มหาชน)","WHA CORPORATION PUBLIC COMPANY LIMITED","major_shareholder","1","น.ส. จรีพร จารุกรสกุล","3510268969","23.49","False","2026-05-12","https://www.set.or.th/th/market/product/stock/quote/WHA/major-shareholders"
"WHA","บริษัท ดับบลิวเอชเอ คอร์ปอเรชั่น จำกัด (มหาชน)","WHA CORPORATION PUBLIC COMPANY LIMITED","major_shareholder","2","น.ส. ชัชชมนต์ อนันตประยูร","1355486105","9.07","False","2026-05-12","https://www.set.or.th/th/market/product/stock/quote/WHA/major-shareholders"
"WHA","บริษัท ดับบลิวเอชเอ คอร์ปอเรชั่น จำกัด (มหาชน)","WHA CORPORATION PUBLIC COMPANY LIMITED","major_shareholder","3","บริษัท  ไทยเอ็นวีดีอาร์ จำกัด","1071375062","7.17","True","2026-05-12","https://www.set.or.th/th/market/product/stock/quote/WHA/major-shareholders"
"WHA","บริษัท ดับบลิวเอชเอ คอร์ปอเรชั่น จำกัด (มหาชน)","WHA CORPORATION PUBLIC COMPANY LIMITED","major_shareholder","4","นาย นิติ โอสถานุเคราะห์","686810190","4.6","False","2026-05-12","https://www.set.or.th/th/market/product/stock/quote/WHA/major-shareholders"
"WHA","บริษัท ดับบลิวเอชเอ คอร์ปอเรชั่น จำกัด (มหาชน)","WHA CORPORATION PUBLIC COMPANY LIMITED","major_shareholder","5","นาย ชัยวัฒน์ พู่พิสุทธิ์","680290854","4.55","False","2026-05-12","https://www.set.or.th/th/market/product/stock/quote/WHA/major-shareholders"
